dam_name,dam_code,obsrdt,inflowqy,lowlevel,rf,rsvwtqy,rsvwtrt,totdcwtrqy
충주,1003110,2026-05-24 10:00:00,107.29,124.81,0.0,,40.1,156.207
충주,1003110,2026-05-24 11:00:00,178.413,124.82,0.0,,40.1,139.08
충주,1003110,2026-05-24 12:00:00,169.18,124.83,0.0,,40.1,0.43
충주,1003110,2026-05-24 13:00:00,135.263,124.84,0.0,,40.2,0.43
충주,1003110,2026-05-24 14:00:00,140.263,124.85,0.0,,40.2,0.43
충주,1003110,2026-05-24 15:00:00,176.314,124.86,0.0,,40.2,1.397
충주,1003110,2026-05-24 16:00:00,161.114,124.86,0.0,,40.2,152.058
충주,1003110,2026-05-24 17:00:00,196.933,124.87,0.0,,40.2,148.766
충주,1003110,2026-05-24 18:00:00,87.724,124.86,0.0,,40.2,132.28
충주,1003110,2026-05-24 19:00:00,203.111,124.87,0.0,,40.2,130.417
충주,1003110,2026-05-24 20:00:00,134.086,124.87,0.0,,40.2,129.253
충주,1003110,2026-05-24 21:00:00,197.167,124.88,0.0,,40.2,127.639
충주,1003110,2026-05-24 22:00:00,166.785,124.89,0.0,,40.2,53.313
충주,1003110,2026-05-24 23:00:00,93.624,124.89,0.0,,40.2,0.43
충주,1003110,2026-05-25 00:00:00,188.791,124.91,0.0,,40.3,0.43
충주,1003110,2026-05-25 01:00:00,80.763,124.91,0.0,,40.3,0.43
충주,1003110,2026-05-25 02:00:00,200.652,124.93,0.0,,40.3,0.43
충주,1003110,2026-05-25 03:00:00,86.486,124.93,0.0,,40.3,0.43
충주,1003110,2026-05-25 04:00:00,180.93,124.95,0.0,,40.3,0.43
충주,1003110,2026-05-25 05:00:00,89.013,124.95,0.0,,40.3,0.43
충주,1003110,2026-05-25 06:00:00,226.097,124.97,0.0,,40.4,0.43
충주,1003110,2026-05-25 07:00:00,64.347,124.97,0.0,,40.4,0.43
충주,1003110,2026-05-25 08:00:00,146.451,124.99,0.0,,40.4,2.034
충주,1003110,2026-05-25 09:00:00,0.0,124.98,0.0,,40.4,147.141
충주,1003110,2026-05-25 10:00:00,174.294,124.98,0.0,,40.4,155.405
충주,1003110,2026-05-25 11:00:00,62.813,124.97,0.0,,40.4,158.23
충주,1003110,2026-05-25 12:00:00,172.303,124.97,0.0,,40.4,158.581
충주,1003110,2026-05-25 13:00:00,172.013,124.99,0.0,,40.4,0.43
충주,1003110,2026-05-25 14:00:00,115.152,124.99,0.0,,40.4,0.43
충주,1003110,2026-05-25 15:00:00,127.541,125.0,0.0,,40.4,0.43
충주,1003110,2026-05-25 16:00:00,5.121,124.99,0.0,,40.4,156.343
충주,1003110,2026-05-25 17:00:00,172.858,125.0,0.0,,40.4,153.219
충주,1003110,2026-05-25 18:00:00,50.995,124.99,0.0,,40.4,157.217
충주,1003110,2026-05-25 19:00:00,215.083,124.99,0.0,,40.4,148.222
충주,1003110,2026-05-25 20:00:00,213.412,125.0,0.0,,40.4,87.718
충주,1003110,2026-05-25 21:00:00,58.597,125.01,0.0,,40.4,0.43
충주,1003110,2026-05-25 22:00:00,145.874,125.02,0.0,,40.5,0.43
충주,1003110,2026-05-25 23:00:00,107.263,125.02,0.0,,40.5,0.43
충주,1003110,2026-05-26 00:00:00,182.347,125.04,0.0,,40.5,0.43
충주,1003110,2026-05-26 01:00:00,44.124,125.04,0.0,,40.5,0.43
충주,1003110,2026-05-26 02:00:00,160.541,125.05,0.0,,40.5,0.43
충주,1003110,2026-05-26 03:00:00,53.569,125.06,0.0,,40.5,0.43
충주,1003110,2026-05-26 04:00:00,163.569,125.07,0.0,,40.5,0.43
충주,1003110,2026-05-26 05:00:00,28.097,125.07,0.0,,40.5,0.43
충주,1003110,2026-05-26 06:00:00,180.347,125.08,0.0,,40.6,0.43
충주,1003110,2026-05-26 07:00:00,31.763,125.09,0.0,,40.6,0.43
충주,1003110,2026-05-26 08:00:00,171.708,125.1,0.0,,40.6,0.43
충주,1003110,2026-05-26 09:00:00,44.93,125.1,0.0,,40.6,0.43
충주,1003110,2026-05-26 10:00:00,132.311,125.1,0.0,,40.6,173.144
충주,1003110,2026-05-26 11:00:00,138.872,125.09,0.0,,40.6,264.955
충주,1003110,2026-05-26 12:00:00,39.472,125.09,0.0,,40.6,6.028
충주,1003110,2026-05-26 13:00:00,100.43,125.1,0.0,,40.6,0.43
충주,1003110,2026-05-26 14:00:00,56.549,125.09,0.0,,40.6,150.549
충주,1003110,2026-05-26 15:00:00,243.841,125.09,0.0,,40.6,318.98
충주,1003110,2026-05-26 16:00:00,0.0,125.06,0.0,,40.5,318.781
충주,1003110,2026-05-26 17:00:00,253.378,125.06,0.0,,40.5,299.961
충주,1003110,2026-05-26 18:00:00,0.0,125.04,0.0,,40.5,276.369
충주,1003110,2026-05-26 19:00:00,194.688,125.05,0.3,,40.5,67.271
충주,1003110,2026-05-26 20:00:00,0.0,125.04,0.2,,40.5,0.43
충주,1003110,2026-05-26 21:00:00,312.874,125.06,0.1,,40.5,0.43
충주,1003110,2026-05-26 22:00:00,0.0,125.06,0.1,,40.5,0.43
충주,1003110,2026-05-26 23:00:00,279.486,125.08,0.0,,40.5,0.43
충주,1003110,2026-05-27 00:00:00,0.0,125.07,0.0,,40.5,0.43
충주,1003110,2026-05-27 01:00:00,244.68,125.09,0.0,,40.6,0.43
충주,1003110,2026-05-27 02:00:00,0.0,125.09,0.1,,40.6,0.43
충주,1003110,2026-05-27 03:00:00,130.986,125.1,0.1,,40.6,0.43
충주,1003110,2026-05-27 04:00:00,53.597,125.1,0.0,,40.6,0.43
충주,1003110,2026-05-27 05:00:00,123.763,125.11,0.0,,40.6,0.43
충주,1003110,2026-05-27 06:00:00,42.708,125.11,0.0,,40.6,0.43
충주,1003110,2026-05-27 07:00:00,91.708,125.12,0.0,,40.6,0.43
충주,1003110,2026-05-27 08:00:00,101.586,125.13,0.0,,40.6,1.753
충주,1003110,2026-05-27 09:00:00,39.455,125.11,0.2,,40.6,269.094
충주,1003110,2026-05-27 10:00:00,150.27,125.1,0.1,,40.6,259.659
횡성,1006110,2026-05-24 10:00:00,1.744,172.49,0.0,48.394,55.7,1.744
횡성,1006110,2026-05-24 11:00:00,1.743,172.49,0.0,48.394,55.7,1.743
횡성,1006110,2026-05-24 12:00:00,1.743,172.49,0.0,48.394,55.7,1.743
횡성,1006110,2026-05-24 13:00:00,1.743,172.49,0.0,48.394,55.7,1.743
횡성,1006110,2026-05-24 14:00:00,1.745,172.49,0.0,48.394,55.7,1.745
횡성,1006110,2026-05-24 15:00:00,1.744,172.49,0.0,48.394,55.7,1.744
횡성,1006110,2026-05-24 16:00:00,1.745,172.49,0.0,48.394,55.7,1.745
횡성,1006110,2026-05-24 17:00:00,1.745,172.49,0.0,48.394,55.7,1.745
횡성,1006110,2026-05-24 18:00:00,1.746,172.49,0.0,48.394,55.7,1.746
횡성,1006110,2026-05-24 19:00:00,1.745,172.49,0.0,48.394,55.7,1.745
횡성,1006110,2026-05-24 20:00:00,1.743,172.49,0.0,48.394,55.7,1.743
횡성,1006110,2026-05-24 21:00:00,1.742,172.49,0.0,48.394,55.7,1.742
횡성,1006110,2026-05-24 22:00:00,1.742,172.49,0.0,48.394,55.7,1.742
횡성,1006110,2026-05-24 23:00:00,1.743,172.49,0.0,48.394,55.7,1.743
횡성,1006110,2026-05-25 00:00:00,1.744,172.49,0.0,48.394,55.7,1.744
횡성,1006110,2026-05-25 01:00:00,1.712,172.49,0.0,48.394,55.7,1.712
횡성,1006110,2026-05-25 02:00:00,1.686,172.49,0.0,48.394,55.7,1.686
횡성,1006110,2026-05-25 03:00:00,1.745,172.49,0.0,48.394,55.7,1.745
횡성,1006110,2026-05-25 04:00:00,1.674,172.49,0.0,48.394,55.7,1.674
횡성,1006110,2026-05-25 05:00:00,1.709,172.49,0.0,48.394,55.7,1.709
횡성,1006110,2026-05-25 06:00:00,1.744,172.49,0.0,48.394,55.7,1.744
횡성,1006110,2026-05-25 07:00:00,1.742,172.49,0.0,48.394,55.7,1.742
횡성,1006110,2026-05-25 08:00:00,1.683,172.49,0.0,48.394,55.7,1.683
횡성,1006110,2026-05-25 09:00:00,1.638,172.49,0.0,48.394,55.7,1.638
횡성,1006110,2026-05-25 10:00:00,1.745,172.49,0.0,48.394,55.7,1.745
횡성,1006110,2026-05-25 11:00:00,1.744,172.49,0.0,48.394,55.7,1.744
횡성,1006110,2026-05-25 12:00:00,1.742,172.49,0.0,48.394,55.7,1.742
횡성,1006110,2026-05-25 13:00:00,1.745,172.49,0.0,48.394,55.7,1.745
횡성,1006110,2026-05-25 14:00:00,1.746,172.49,0.0,48.394,55.7,1.746
횡성,1006110,2026-05-25 15:00:00,1.744,172.49,0.0,48.394,55.7,1.744
횡성,1006110,2026-05-25 16:00:00,1.745,172.49,0.0,48.394,55.7,1.745
횡성,1006110,2026-05-25 17:00:00,1.745,172.49,0.0,48.394,55.7,1.745
횡성,1006110,2026-05-25 18:00:00,1.743,172.49,0.0,48.394,55.7,1.743
횡성,1006110,2026-05-25 19:00:00,1.744,172.49,0.0,48.394,55.7,1.744
횡성,1006110,2026-05-25 20:00:00,1.743,172.49,0.0,48.394,55.7,1.743
횡성,1006110,2026-05-25 21:00:00,1.737,172.49,0.0,48.394,55.7,1.737
횡성,1006110,2026-05-25 22:00:00,1.671,172.49,0.0,48.394,55.7,1.671
횡성,1006110,2026-05-25 23:00:00,1.649,172.49,0.0,48.394,55.7,1.649
횡성,1006110,2026-05-26 00:00:00,1.631,172.49,0.0,48.394,55.7,1.631
횡성,1006110,2026-05-26 01:00:00,1.739,172.49,0.0,48.394,55.7,1.739
횡성,1006110,2026-05-26 02:00:00,1.745,172.49,0.0,48.394,55.7,1.745
횡성,1006110,2026-05-26 03:00:00,1.744,172.49,0.0,48.394,55.7,1.744
횡성,1006110,2026-05-26 04:00:00,0.0,172.48,0.0,48.353,55.6,1.744
횡성,1006110,2026-05-26 05:00:00,1.742,172.48,0.0,48.353,55.6,1.742
횡성,1006110,2026-05-26 06:00:00,1.742,172.48,0.0,48.353,55.6,1.742
횡성,1006110,2026-05-26 07:00:00,1.742,172.48,0.0,48.353,55.6,1.742
횡성,1006110,2026-05-26 08:00:00,1.743,172.48,0.0,48.353,55.6,1.743
횡성,1006110,2026-05-26 09:00:00,1.742,172.48,0.0,48.353,55.6,1.742
횡성,1006110,2026-05-26 10:00:00,1.742,172.48,0.0,48.353,55.6,1.742
횡성,1006110,2026-05-26 11:00:00,1.743,172.48,0.0,48.353,55.6,1.743
횡성,1006110,2026-05-26 12:00:00,1.742,172.48,0.0,48.353,55.6,1.742
횡성,1006110,2026-05-26 13:00:00,1.744,172.48,0.0,48.353,55.6,1.744
횡성,1006110,2026-05-26 14:00:00,1.742,172.48,0.0,48.353,55.6,1.742
횡성,1006110,2026-05-26 15:00:00,1.743,172.48,0.0,48.353,55.6,1.743
횡성,1006110,2026-05-26 16:00:00,1.746,172.48,0.0,48.353,55.6,1.746
횡성,1006110,2026-05-26 17:00:00,1.744,172.48,0.0,48.353,55.6,1.744
횡성,1006110,2026-05-26 18:00:00,1.744,172.48,0.1,48.353,55.6,1.744
횡성,1006110,2026-05-26 19:00:00,1.744,172.48,0.0,48.353,55.6,1.744
횡성,1006110,2026-05-26 20:00:00,1.745,172.48,0.0,48.353,55.6,1.745
횡성,1006110,2026-05-26 21:00:00,1.745,172.48,0.1,48.353,55.6,1.745
횡성,1006110,2026-05-26 22:00:00,1.744,172.48,0.1,48.353,55.6,1.744
횡성,1006110,2026-05-26 23:00:00,1.744,172.48,0.4,48.353,55.6,1.744
횡성,1006110,2026-05-27 00:00:00,1.743,172.48,0.5,48.353,55.6,1.743
횡성,1006110,2026-05-27 01:00:00,1.744,172.48,0.0,48.353,55.6,1.744
횡성,1006110,2026-05-27 02:00:00,0.0,172.47,0.0,48.315,55.6,1.745
횡성,1006110,2026-05-27 03:00:00,0.513,172.47,0.0,48.311,55.6,1.68
횡성,1006110,2026-05-27 04:00:00,1.7,172.47,0.0,48.311,55.6,1.7
횡성,1006110,2026-05-27 05:00:00,1.707,172.47,0.0,48.311,55.6,1.707
횡성,1006110,2026-05-27 06:00:00,1.743,172.47,0.0,48.311,55.6,1.743
횡성,1006110,2026-05-27 07:00:00,1.742,172.47,0.0,48.311,55.6,1.742
횡성,1006110,2026-05-27 08:00:00,1.743,172.47,0.0,48.311,55.6,1.743
횡성,1006110,2026-05-27 09:00:00,1.744,172.47,0.0,48.311,55.6,1.744
횡성,1006110,2026-05-27 10:00:00,1.744,172.47,0.0,48.311,55.6,1.744
소양강,1012110,2026-05-24 10:00:00,1.0,178.44,0.0,,56.6,1.0
소양강,1012110,2026-05-24 11:00:00,58.972,178.44,0.0,,56.6,1.0
소양강,1012110,2026-05-24 12:00:00,61.639,178.45,0.0,,56.6,1.0
소양강,1012110,2026-05-24 13:00:00,55.028,178.45,0.0,,56.6,1.0
소양강,1012110,2026-05-24 14:00:00,72.194,178.46,0.0,,56.6,1.0
소양강,1012110,2026-05-24 15:00:00,56.361,178.46,0.0,,56.6,1.0
소양강,1012110,2026-05-24 16:00:00,47.139,178.47,0.0,,56.6,1.0
소양강,1012110,2026-05-24 17:00:00,47.167,178.47,0.0,,56.7,1.0
소양강,1012110,2026-05-24 18:00:00,81.417,178.48,0.0,,56.7,1.0
소양강,1012110,2026-05-24 19:00:00,52.047,178.47,0.0,,56.7,100.825
소양강,1012110,2026-05-24 20:00:00,112.695,178.47,0.0,,56.7,102.139
소양강,1012110,2026-05-24 21:00:00,115.152,178.47,0.0,,56.7,101.985
소양강,1012110,2026-05-24 22:00:00,11.912,178.47,0.0,,56.6,94.968
소양강,1012110,2026-05-24 23:00:00,137.414,178.47,0.0,,56.7,83.358
소양강,1012110,2026-05-25 00:00:00,0.0,178.46,0.0,,56.6,82.064
소양강,1012110,2026-05-25 01:00:00,71.379,178.46,0.0,,56.6,93.796
소양강,1012110,2026-05-25 02:00:00,75.125,178.46,0.0,,56.6,93.569
소양강,1012110,2026-05-25 03:00:00,34.304,178.45,0.0,,56.6,93.637
소양강,1012110,2026-05-25 04:00:00,100.143,178.45,0.0,,56.6,93.532
소양강,1012110,2026-05-25 05:00:00,46.077,178.45,0.0,,56.6,93.549
소양강,1012110,2026-05-25 06:00:00,68.42,178.45,0.0,,56.6,93.448
소양강,1012110,2026-05-25 07:00:00,27.731,178.44,0.0,,56.6,93.62
소양강,1012110,2026-05-25 08:00:00,7.814,178.44,0.0,,56.6,93.481
소양강,1012110,2026-05-25 09:00:00,40.838,178.43,0.0,,56.6,93.532
소양강,1012110,2026-05-25 10:00:00,45.778,178.44,0.0,,56.6,1.0
소양강,1012110,2026-05-25 11:00:00,6.278,178.44,0.0,,56.6,1.0
소양강,1012110,2026-05-25 12:00:00,77.444,178.44,0.0,,56.6,1.0
소양강,1012110,2026-05-25 13:00:00,26.028,178.44,0.0,,56.6,1.0
소양강,1012110,2026-05-25 14:00:00,52.389,178.45,0.0,,56.6,1.0
소양강,1012110,2026-05-25 15:00:00,48.472,178.45,0.0,,56.6,1.0
소양강,1012110,2026-05-25 16:00:00,33.944,178.45,0.0,,56.6,1.0
소양강,1012110,2026-05-25 17:00:00,60.306,178.46,0.0,,56.6,1.0
소양강,1012110,2026-05-25 18:00:00,61.639,178.46,0.0,,56.6,1.0
소양강,1012110,2026-05-25 19:00:00,44.295,178.46,0.0,,56.6,85.156
소양강,1012110,2026-05-25 20:00:00,92.188,178.46,0.0,,56.6,85.605
소양강,1012110,2026-05-25 21:00:00,28.747,178.46,0.0,,56.6,91.997
소양강,1012110,2026-05-25 22:00:00,54.923,178.45,0.0,,56.6,91.84
소양강,1012110,2026-05-25 23:00:00,80.619,178.45,0.0,,56.6,91.175
소양강,1012110,2026-05-26 00:00:00,11.313,178.45,0.0,,56.6,91.702
소양강,1012110,2026-05-26 01:00:00,72.694,178.44,0.0,,56.6,103.0
소양강,1012110,2026-05-26 02:00:00,46.729,178.44,0.0,,56.6,103.396
소양강,1012110,2026-05-26 03:00:00,19.012,178.43,0.0,,56.6,103.345
소양강,1012110,2026-05-26 04:00:00,70.299,178.43,0.0,,56.6,103.243
소양강,1012110,2026-05-26 05:00:00,14.897,178.42,0.0,,56.6,103.175
소양강,1012110,2026-05-26 06:00:00,46.485,178.42,0.0,,56.6,103.124
소양강,1012110,2026-05-26 07:00:00,30.714,178.41,0.0,,56.6,103.158
소양강,1012110,2026-05-26 08:00:00,22.705,178.41,0.0,,56.6,103.038
소양강,1012110,2026-05-26 09:00:00,84.945,178.41,0.0,,56.5,103.362
소양강,1012110,2026-05-26 10:00:00,0.0,178.4,0.0,,56.5,103.31
소양강,1012110,2026-05-26 11:00:00,64.762,178.39,0.0,,56.5,102.956
소양강,1012110,2026-05-26 12:00:00,34.918,178.39,0.0,,56.5,92.835
소양강,1012110,2026-05-26 13:00:00,0.0,178.39,0.0,,56.5,1.0
소양강,1012110,2026-05-26 14:00:00,99.532,178.4,0.0,,56.5,0.8
소양강,1012110,2026-05-26 15:00:00,0.6,178.4,0.0,,56.5,0.6
소양강,1012110,2026-05-26 16:00:00,54.522,178.4,0.0,,56.5,1.855
소양강,1012110,2026-05-26 17:00:00,13.542,178.4,0.0,,56.5,76.738
소양강,1012110,2026-05-26 18:00:00,100.696,178.4,0.0,,56.5,73.029
소양강,1012110,2026-05-26 19:00:00,0.0,178.4,0.0,,56.5,0.6
소양강,1012110,2026-05-26 20:00:00,12.461,178.4,0.0,,56.5,0.6
소양강,1012110,2026-05-26 21:00:00,88.822,178.4,0.1,,56.5,0.6
소양강,1012110,2026-05-26 22:00:00,0.0,178.4,0.1,,56.5,0.6
소양강,1012110,2026-05-26 23:00:00,62.489,178.41,0.1,,56.6,0.6
소양강,1012110,2026-05-27 00:00:00,36.156,178.41,0.0,,56.6,0.6
소양강,1012110,2026-05-27 01:00:00,44.072,178.41,0.0,,56.6,0.6
소양강,1012110,2026-05-27 02:00:00,63.822,178.42,0.0,,56.6,0.6
소양강,1012110,2026-05-27 03:00:00,25.628,178.42,0.0,,56.6,0.6
소양강,1012110,2026-05-27 04:00:00,66.461,178.43,0.0,,56.6,0.6
소양강,1012110,2026-05-27 05:00:00,0.6,178.43,0.0,,56.6,0.6
소양강,1012110,2026-05-27 06:00:00,26.933,178.43,0.0,,56.6,0.6
소양강,1012110,2026-05-27 07:00:00,66.489,178.43,0.3,,56.6,0.6
소양강,1012110,2026-05-27 08:00:00,13.767,178.43,0.0,,56.6,0.6
소양강,1012110,2026-05-27 09:00:00,69.343,178.44,0.0,,56.6,24.537
소양강,1012110,2026-05-27 10:00:00,42.891,178.43,0.1,,56.6,100.863
안동,2001110,2026-05-24 10:00:00,0.0,143.97,0.0,524.953,42.1,0.0
안동,2001110,2026-05-24 11:00:00,84.444,143.98,0.0,525.257,42.1,0.0
안동,2001110,2026-05-24 12:00:00,0.0,143.98,0.0,525.257,42.1,0.0
안동,2001110,2026-05-24 13:00:00,37.139,143.98,0.0,525.391,42.1,0.0
안동,2001110,2026-05-24 14:00:00,47.333,143.99,0.0,525.561,42.1,0.0
안동,2001110,2026-05-24 15:00:00,0.0,143.99,0.0,525.561,42.1,0.0
안동,2001110,2026-05-24 16:00:00,84.5,144.0,0.0,525.865,42.1,0.0
안동,2001110,2026-05-24 17:00:00,0.0,144.0,0.0,525.865,42.1,0.0
안동,2001110,2026-05-24 18:00:00,54.111,144.01,0.0,526.06,42.2,0.0
안동,2001110,2026-05-24 19:00:00,103.639,144.01,0.0,526.17,42.2,73.195
안동,2001110,2026-05-24 20:00:00,72.674,144.01,0.0,526.17,42.2,72.674
안동,2001110,2026-05-24 21:00:00,0.0,144.0,0.0,525.865,42.1,72.937
안동,2001110,2026-05-24 22:00:00,23.952,144.0,0.0,525.865,42.1,23.952
안동,2001110,2026-05-24 23:00:00,0.0,144.0,0.0,525.865,42.1,0.0
안동,2001110,2026-05-25 00:00:00,0.0,144.0,0.0,525.865,42.1,0.0
안동,2001110,2026-05-25 01:00:00,74.417,144.01,0.0,526.133,42.2,0.0
안동,2001110,2026-05-25 02:00:00,10.139,144.01,0.0,526.17,42.2,0.0
안동,2001110,2026-05-25 03:00:00,0.0,144.01,0.0,526.17,42.2,0.0
안동,2001110,2026-05-25 04:00:00,0.0,144.01,0.0,526.17,42.2,0.0
안동,2001110,2026-05-25 05:00:00,60.917,144.02,0.0,526.389,42.2,0.0
안동,2001110,2026-05-25 06:00:00,23.694,144.02,0.0,526.474,42.2,0.0
안동,2001110,2026-05-25 07:00:00,0.0,144.02,0.0,526.474,42.2,0.0
안동,2001110,2026-05-25 08:00:00,77.861,144.03,0.0,526.755,42.2,0.0
안동,2001110,2026-05-25 09:00:00,6.778,144.03,0.0,526.779,42.2,0.0
안동,2001110,2026-05-25 10:00:00,0.0,144.03,0.0,526.779,42.2,0.0
안동,2001110,2026-05-25 11:00:00,84.667,144.04,0.0,527.084,42.2,0.0
안동,2001110,2026-05-25 12:00:00,0.0,144.04,0.0,527.084,42.2,0.0
안동,2001110,2026-05-25 13:00:00,0.0,144.04,0.0,527.084,42.2,0.0
안동,2001110,2026-05-25 14:00:00,0.0,144.04,0.0,527.084,42.2,0.0
안동,2001110,2026-05-25 15:00:00,84.722,144.05,0.0,527.389,42.3,0.0
안동,2001110,2026-05-25 16:00:00,0.0,144.05,0.0,527.389,42.3,0.0
안동,2001110,2026-05-25 17:00:00,0.0,144.05,0.0,527.389,42.3,0.0
안동,2001110,2026-05-25 18:00:00,34.374,144.05,0.0,527.511,42.3,0.485
안동,2001110,2026-05-25 19:00:00,131.419,144.06,0.0,527.694,42.3,80.558
안동,2001110,2026-05-25 20:00:00,0.0,144.05,0.0,527.389,42.3,80.475
안동,2001110,2026-05-25 21:00:00,81.261,144.05,0.0,527.389,42.3,81.261
안동,2001110,2026-05-25 22:00:00,0.0,144.05,0.0,527.389,42.3,0.0
안동,2001110,2026-05-25 23:00:00,0.0,144.05,0.0,527.389,42.3,0.0
안동,2001110,2026-05-26 00:00:00,0.0,144.05,0.0,527.389,42.3,0.0
안동,2001110,2026-05-26 01:00:00,0.0,144.05,0.0,527.389,42.3,0.0
안동,2001110,2026-05-26 02:00:00,0.0,144.05,0.0,527.389,42.3,0.0
안동,2001110,2026-05-26 03:00:00,84.75,144.06,0.0,527.694,42.3,0.0
안동,2001110,2026-05-26 04:00:00,0.0,144.06,0.0,527.694,42.3,0.0
안동,2001110,2026-05-26 05:00:00,0.0,144.06,0.0,527.694,42.3,0.0
안동,2001110,2026-05-26 06:00:00,0.0,144.06,0.0,527.694,42.3,0.0
안동,2001110,2026-05-26 07:00:00,0.0,144.06,0.0,527.694,42.3,0.0
안동,2001110,2026-05-26 08:00:00,84.778,144.07,0.0,527.999,42.3,0.0
안동,2001110,2026-05-26 09:00:00,0.0,144.07,0.0,527.999,42.3,0.0
안동,2001110,2026-05-26 10:00:00,0.0,144.07,0.0,527.999,42.3,0.0
안동,2001110,2026-05-26 11:00:00,0.0,144.07,0.0,527.999,42.3,0.0
안동,2001110,2026-05-26 12:00:00,74.667,144.08,0.0,528.268,42.3,0.0
안동,2001110,2026-05-26 13:00:00,10.167,144.08,0.0,528.305,42.3,0.0
안동,2001110,2026-05-26 14:00:00,23.325,144.08,0.0,528.305,42.3,23.325
안동,2001110,2026-05-26 15:00:00,84.794,144.08,0.0,528.305,42.3,84.794
안동,2001110,2026-05-26 16:00:00,20.729,144.07,0.0,528.072,42.3,85.201
안동,2001110,2026-05-26 17:00:00,61.343,144.07,0.0,527.999,42.3,81.704
안동,2001110,2026-05-26 18:00:00,0.0,144.06,0.0,527.694,42.3,77.732
안동,2001110,2026-05-26 19:00:00,18.041,144.05,0.0,527.474,42.3,79.069
안동,2001110,2026-05-26 20:00:00,56.946,144.05,0.0,527.389,42.3,80.668
안동,2001110,2026-05-26 21:00:00,0.764,144.04,0.0,527.084,42.2,85.486
안동,2001110,2026-05-26 22:00:00,10.223,144.04,0.0,527.084,42.2,10.223
안동,2001110,2026-05-26 23:00:00,0.0,144.04,0.0,527.084,42.2,0.0
안동,2001110,2026-05-27 00:00:00,0.0,144.04,0.0,527.084,42.2,0.0
안동,2001110,2026-05-27 01:00:00,0.0,144.04,0.0,527.084,42.2,0.0
안동,2001110,2026-05-27 02:00:00,0.0,144.04,0.0,527.072,42.2,1.189
안동,2001110,2026-05-27 03:00:00,84.521,144.04,0.0,527.084,42.2,81.132
안동,2001110,2026-05-27 04:00:00,0.0,144.03,0.0,526.779,42.2,75.533
안동,2001110,2026-05-27 05:00:00,0.0,144.02,0.0,526.474,42.2,74.343
안동,2001110,2026-05-27 06:00:00,73.106,144.02,0.0,526.474,42.2,73.106
안동,2001110,2026-05-27 07:00:00,0.0,144.01,0.0,526.17,42.2,73.388
안동,2001110,2026-05-27 08:00:00,0.0,144.0,0.5,525.865,42.1,75.006
안동,2001110,2026-05-27 09:00:00,55.729,144.0,1.9,525.865,42.1,55.729
안동,2001110,2026-05-27 10:00:00,0.0,144.0,0.6,525.865,42.1,0.0
임하,2002110,2026-05-24 10:00:00,11.575,149.36,0.0,274.949,46.2,4.908
임하,2002110,2026-05-24 11:00:00,14.233,149.36,0.0,274.983,46.2,4.9
임하,2002110,2026-05-24 12:00:00,20.012,149.37,0.0,275.037,46.2,4.901
임하,2002110,2026-05-24 13:00:00,18.241,149.37,0.0,275.085,46.2,4.908
임하,2002110,2026-05-24 14:00:00,13.792,149.37,0.0,275.117,46.2,4.903
임하,2002110,2026-05-24 15:00:00,15.173,149.37,0.0,275.156,46.2,4.506
임하,2002110,2026-05-24 16:00:00,16.038,149.38,0.0,275.197,46.3,4.482
임하,2002110,2026-05-24 17:00:00,22.261,149.38,0.0,275.261,46.3,4.483
임하,2002110,2026-05-24 18:00:00,13.368,149.38,0.0,275.293,46.3,4.479
임하,2002110,2026-05-24 19:00:00,21.831,149.38,0.0,275.356,46.3,4.47
임하,2002110,2026-05-24 20:00:00,18.255,149.39,0.0,275.405,46.3,4.477
임하,2002110,2026-05-24 21:00:00,35.398,149.39,0.0,275.396,46.3,38.065
임하,2002110,2026-05-24 22:00:00,4.485,149.39,0.0,275.396,46.3,4.485
임하,2002110,2026-05-24 23:00:00,20.908,149.39,0.0,275.454,46.3,4.88
임하,2002110,2026-05-25 00:00:00,4.912,149.39,0.0,275.454,46.3,4.912
임하,2002110,2026-05-25 01:00:00,22.682,149.4,0.0,275.518,46.3,4.904
임하,2002110,2026-05-25 02:00:00,9.349,149.4,0.0,275.534,46.3,4.905
임하,2002110,2026-05-25 03:00:00,14.271,149.4,0.0,275.567,46.3,4.91
임하,2002110,2026-05-25 04:00:00,21.384,149.4,0.0,275.627,46.3,4.912
임하,2002110,2026-05-25 05:00:00,7.573,149.4,0.0,275.636,46.3,4.906
임하,2002110,2026-05-25 06:00:00,19.133,149.41,0.0,275.687,46.3,4.911
임하,2002110,2026-05-25 07:00:00,13.825,149.41,0.0,275.719,46.3,4.908
임하,2002110,2026-05-25 08:00:00,10.244,149.41,0.0,275.739,46.3,4.911
임하,2002110,2026-05-25 09:00:00,7.572,149.41,0.0,275.748,46.3,4.905
임하,2002110,2026-05-25 10:00:00,3.574,149.41,0.0,275.743,46.3,4.907
임하,2002110,2026-05-25 11:00:00,13.378,149.41,0.0,275.774,46.4,4.906
임하,2002110,2026-05-25 12:00:00,13.79,149.41,0.0,275.806,46.4,4.901
임하,2002110,2026-05-25 13:00:00,14.714,149.42,0.0,275.841,46.4,4.908
임하,2002110,2026-05-25 14:00:00,12.009,149.42,0.0,275.867,46.4,4.898
임하,2002110,2026-05-25 15:00:00,10.753,149.42,0.0,275.889,46.4,4.503
임하,2002110,2026-05-25 16:00:00,190.753,149.46,0.0,276.56,46.5,4.475
임하,2002110,2026-05-25 17:00:00,0.0,149.42,0.0,275.96,46.4,4.48
임하,2002110,2026-05-25 18:00:00,10.729,149.42,0.0,275.982,46.4,4.479
임하,2002110,2026-05-25 19:00:00,22.289,149.43,0.0,276.046,46.4,4.483
임하,2002110,2026-05-25 20:00:00,8.954,149.43,0.0,276.063,46.4,4.482
임하,2002110,2026-05-25 21:00:00,21.837,149.43,0.0,276.003,46.4,38.337
임하,2002110,2026-05-25 22:00:00,0.0,149.42,0.0,275.986,46.4,4.481
임하,2002110,2026-05-25 23:00:00,21.79,149.43,0.0,276.046,46.4,4.873
임하,2002110,2026-05-26 00:00:00,4.914,149.43,0.0,276.046,46.4,4.914
임하,2002110,2026-05-26 01:00:00,16.49,149.43,0.0,276.088,46.4,4.907
임하,2002110,2026-05-26 02:00:00,4.019,149.43,0.0,276.085,46.4,4.908
임하,2002110,2026-05-26 03:00:00,11.156,149.43,0.0,276.107,46.4,4.906
임하,2002110,2026-05-26 04:00:00,19.149,149.44,0.0,276.159,46.4,4.899
임하,2002110,2026-05-26 05:00:00,4.899,149.44,0.0,276.159,46.4,4.899
임하,2002110,2026-05-26 06:00:00,13.823,149.44,0.0,276.191,46.4,4.906
임하,2002110,2026-05-26 07:00:00,4.909,149.44,0.0,276.191,46.4,4.909
임하,2002110,2026-05-26 08:00:00,7.57,149.44,0.0,276.2,46.4,4.903
임하,2002110,2026-05-26 09:00:00,11.158,149.44,0.0,276.223,46.4,4.908
임하,2002110,2026-05-26 10:00:00,13.785,149.44,0.0,276.255,46.4,4.896
임하,2002110,2026-05-26 11:00:00,9.357,149.44,0.0,276.271,46.4,4.885
임하,2002110,2026-05-26 12:00:00,5.995,149.44,0.0,276.276,46.4,4.662
임하,2002110,2026-05-26 13:00:00,6.258,149.44,0.0,276.282,46.4,4.48
임하,2002110,2026-05-26 14:00:00,18.895,149.45,0.0,276.334,46.4,4.617
임하,2002110,2026-05-26 15:00:00,11.772,149.45,0.0,276.359,46.5,4.633
임하,2002110,2026-05-26 16:00:00,15.171,149.45,0.0,276.398,46.5,4.477
임하,2002110,2026-05-26 17:00:00,9.362,149.45,0.0,276.415,46.5,4.473
임하,2002110,2026-05-26 18:00:00,4.478,149.45,0.0,276.415,46.5,4.478
임하,2002110,2026-05-26 19:00:00,13.399,149.45,0.0,276.448,46.5,4.482
임하,2002110,2026-05-26 20:00:00,16.156,149.45,0.0,276.364,46.5,39.323
임하,2002110,2026-05-26 21:00:00,16.101,149.44,0.0,276.231,46.4,53.101
임하,2002110,2026-05-26 22:00:00,26.943,149.43,0.0,276.141,46.4,51.915
임하,2002110,2026-05-26 23:00:00,0.0,149.43,0.0,276.042,46.4,4.853
임하,2002110,2026-05-27 00:00:00,26.255,149.43,0.3,276.119,46.4,4.866
임하,2002110,2026-05-27 01:00:00,1.751,149.43,0.0,276.107,46.4,4.862
임하,2002110,2026-05-27 02:00:00,19.116,149.44,0.0,276.159,46.4,4.866
임하,2002110,2026-05-27 03:00:00,9.314,149.44,0.1,276.175,46.4,4.87
임하,2002110,2026-05-27 04:00:00,3.535,149.44,0.0,276.17,46.4,4.868
임하,2002110,2026-05-27 05:00:00,11.555,149.44,0.0,276.194,46.4,4.861
임하,2002110,2026-05-27 06:00:00,5.304,149.44,0.0,276.196,46.4,4.86
임하,2002110,2026-05-27 07:00:00,10.637,149.44,0.0,276.216,46.4,4.859
임하,2002110,2026-05-27 08:00:00,16.914,149.44,0.2,276.26,46.4,4.858
임하,2002110,2026-05-27 09:00:00,14.226,149.44,1.0,276.294,46.4,4.865
임하,2002110,2026-05-27 10:00:00,16.443,149.45,0.3,276.335,46.4,4.86
성덕,2002111,2026-05-24 10:00:00,0.887,349.54,0.0,10.96,39.3,0.887
성덕,2002111,2026-05-24 11:00:00,0.887,349.54,0.0,10.96,39.3,0.887
성덕,2002111,2026-05-24 12:00:00,0.0,349.53,0.0,10.952,39.3,0.887
성덕,2002111,2026-05-24 13:00:00,0.668,349.53,0.0,10.952,39.3,0.89
성덕,2002111,2026-05-24 14:00:00,0.894,349.53,0.0,10.952,39.3,0.894
성덕,2002111,2026-05-24 15:00:00,0.894,349.53,0.0,10.952,39.3,0.894
성덕,2002111,2026-05-24 16:00:00,0.893,349.53,0.0,10.952,39.3,0.893
성덕,2002111,2026-05-24 17:00:00,0.0,349.52,0.0,10.943,39.2,0.893
성덕,2002111,2026-05-24 18:00:00,0.893,349.52,0.0,10.943,39.2,0.893
성덕,2002111,2026-05-24 19:00:00,0.888,349.52,0.0,10.943,39.2,0.888
성덕,2002111,2026-05-24 20:00:00,0.888,349.52,0.0,10.943,39.2,0.888
성덕,2002111,2026-05-24 21:00:00,0.887,349.52,0.0,10.943,39.2,0.887
성덕,2002111,2026-05-24 22:00:00,0.0,349.51,0.0,10.935,39.2,0.886
성덕,2002111,2026-05-24 23:00:00,0.886,349.51,0.0,10.935,39.2,0.886
성덕,2002111,2026-05-25 00:00:00,0.886,349.51,0.0,10.935,39.2,0.886
성덕,2002111,2026-05-25 01:00:00,0.886,349.51,0.0,10.935,39.2,0.886
성덕,2002111,2026-05-25 02:00:00,0.0,349.5,0.0,10.927,39.2,0.885
성덕,2002111,2026-05-25 03:00:00,0.885,349.5,0.0,10.927,39.2,0.885
성덕,2002111,2026-05-25 04:00:00,0.885,349.5,0.0,10.927,39.2,0.885
성덕,2002111,2026-05-25 05:00:00,0.0,349.5,0.0,10.923,39.2,0.885
성덕,2002111,2026-05-25 06:00:00,0.0,349.49,0.0,10.919,39.1,0.885
성덕,2002111,2026-05-25 07:00:00,0.885,349.49,0.0,10.919,39.1,0.885
성덕,2002111,2026-05-25 08:00:00,0.885,349.49,0.0,10.919,39.1,0.885
성덕,2002111,2026-05-25 09:00:00,0.0,349.48,0.0,10.911,39.1,0.885
성덕,2002111,2026-05-25 10:00:00,0.887,349.48,0.0,10.911,39.1,0.887
성덕,2002111,2026-05-25 11:00:00,0.893,349.48,0.0,10.911,39.1,0.893
성덕,2002111,2026-05-25 12:00:00,0.0,349.47,0.0,10.902,39.1,0.893
성덕,2002111,2026-05-25 13:00:00,0.893,349.47,0.0,10.902,39.1,0.893
성덕,2002111,2026-05-25 14:00:00,0.893,349.47,0.0,10.902,39.1,0.893
성덕,2002111,2026-05-25 15:00:00,0.893,349.47,0.0,10.902,39.1,0.893
성덕,2002111,2026-05-25 16:00:00,0.0,349.46,0.0,10.894,39.1,0.893
성덕,2002111,2026-05-25 17:00:00,0.893,349.46,0.0,10.894,39.1,0.893
성덕,2002111,2026-05-25 18:00:00,0.893,349.46,0.0,10.894,39.1,0.893
성덕,2002111,2026-05-25 19:00:00,0.0,349.45,0.0,10.886,39.0,0.894
성덕,2002111,2026-05-25 20:00:00,0.894,349.45,0.0,10.886,39.0,0.894
성덕,2002111,2026-05-25 21:00:00,0.894,349.45,0.0,10.886,39.0,0.894
성덕,2002111,2026-05-25 22:00:00,0.894,349.45,0.0,10.886,39.0,0.894
성덕,2002111,2026-05-25 23:00:00,0.0,349.44,0.0,10.878,39.0,0.894
성덕,2002111,2026-05-26 00:00:00,0.894,349.44,0.0,10.878,39.0,0.894
성덕,2002111,2026-05-26 01:00:00,0.894,349.44,0.0,10.878,39.0,0.894
성덕,2002111,2026-05-26 02:00:00,0.894,349.44,0.0,10.878,39.0,0.894
성덕,2002111,2026-05-26 03:00:00,0.0,349.43,0.0,10.869,39.0,0.894
성덕,2002111,2026-05-26 04:00:00,0.894,349.43,0.0,10.869,39.0,0.894
성덕,2002111,2026-05-26 05:00:00,0.894,349.43,0.0,10.869,39.0,0.894
성덕,2002111,2026-05-26 06:00:00,0.0,349.42,0.0,10.861,38.9,0.894
성덕,2002111,2026-05-26 07:00:00,0.894,349.42,0.0,10.861,38.9,0.894
성덕,2002111,2026-05-26 08:00:00,0.894,349.42,0.0,10.861,38.9,0.894
성덕,2002111,2026-05-26 09:00:00,0.0,349.41,0.0,10.853,38.9,0.894
성덕,2002111,2026-05-26 10:00:00,0.894,349.41,0.0,10.853,38.9,0.894
성덕,2002111,2026-05-26 11:00:00,0.894,349.41,0.0,10.853,38.9,0.894
성덕,2002111,2026-05-26 12:00:00,0.0,349.4,0.0,10.845,38.9,0.894
성덕,2002111,2026-05-26 13:00:00,0.894,349.4,0.0,10.845,38.9,0.894
성덕,2002111,2026-05-26 14:00:00,0.894,349.4,0.0,10.845,38.9,0.894
성덕,2002111,2026-05-26 15:00:00,0.0,349.39,0.0,10.837,38.8,0.894
성덕,2002111,2026-05-26 16:00:00,0.894,349.39,0.0,10.837,38.8,0.894
성덕,2002111,2026-05-26 17:00:00,0.794,349.39,0.0,10.837,38.8,0.794
성덕,2002111,2026-05-26 18:00:00,0.699,349.39,0.0,10.837,38.8,0.699
성덕,2002111,2026-05-26 19:00:00,0.0,349.38,0.0,10.829,38.8,0.699
성덕,2002111,2026-05-26 20:00:00,0.699,349.38,0.0,10.829,38.8,0.699
성덕,2002111,2026-05-26 21:00:00,0.699,349.38,0.0,10.829,38.8,0.699
성덕,2002111,2026-05-26 22:00:00,0.699,349.38,0.0,10.829,38.8,0.699
성덕,2002111,2026-05-26 23:00:00,0.703,349.38,0.0,10.829,38.8,0.703
성덕,2002111,2026-05-27 00:00:00,0.717,349.38,1.0,10.829,38.8,0.717
성덕,2002111,2026-05-27 01:00:00,0.0,349.37,0.0,10.82,38.8,0.718
성덕,2002111,2026-05-27 02:00:00,0.719,349.37,0.0,10.82,38.8,0.719
성덕,2002111,2026-05-27 03:00:00,0.719,349.37,0.0,10.82,38.8,0.719
성덕,2002111,2026-05-27 04:00:00,0.275,349.37,0.0,10.819,38.8,0.719
성덕,2002111,2026-05-27 05:00:00,0.0,349.36,0.0,10.812,38.8,0.718
성덕,2002111,2026-05-27 06:00:00,0.838,349.36,0.0,10.812,38.8,0.838
성덕,2002111,2026-05-27 07:00:00,0.872,349.36,0.8,10.812,38.8,0.872
성덕,2002111,2026-05-27 08:00:00,0.874,349.36,0.0,10.812,38.8,0.874
성덕,2002111,2026-05-27 09:00:00,0.0,349.35,0.0,10.804,38.7,0.873
성덕,2002111,2026-05-27 10:00:00,0.877,349.35,0.0,10.804,38.7,0.877
영주,2004101,2026-05-24 10:00:00,2.059,142.87,0.0,38.566,21.3,1.337
영주,2004101,2026-05-24 11:00:00,0.0,142.87,0.0,38.559,21.3,1.336
영주,2004101,2026-05-24 12:00:00,13.419,142.88,0.0,38.603,21.3,1.336
영주,2004101,2026-05-24 13:00:00,1.333,142.88,0.0,38.603,21.3,1.333
영주,2004101,2026-05-24 14:00:00,1.337,142.88,0.0,38.603,21.3,1.337
영주,2004101,2026-05-24 15:00:00,1.337,142.88,0.0,38.603,21.3,1.337
영주,2004101,2026-05-24 16:00:00,1.336,142.88,0.0,38.603,21.3,1.336
영주,2004101,2026-05-24 17:00:00,1.336,142.88,0.0,38.603,21.3,1.336
영주,2004101,2026-05-24 18:00:00,13.421,142.89,0.0,38.646,21.3,1.338
영주,2004101,2026-05-24 19:00:00,1.336,142.89,0.0,38.646,21.3,1.336
영주,2004101,2026-05-24 20:00:00,1.332,142.89,0.0,38.646,21.3,1.332
영주,2004101,2026-05-24 21:00:00,1.339,142.89,0.0,38.646,21.3,1.339
영주,2004101,2026-05-24 22:00:00,1.337,142.89,0.0,38.646,21.3,1.337
영주,2004101,2026-05-24 23:00:00,1.338,142.89,0.0,38.646,21.3,1.338
영주,2004101,2026-05-25 00:00:00,1.335,142.89,0.0,38.646,21.3,1.335
영주,2004101,2026-05-25 01:00:00,1.337,142.89,0.0,38.646,21.3,1.337
영주,2004101,2026-05-25 02:00:00,1.335,142.89,0.0,38.646,21.3,1.335
영주,2004101,2026-05-25 03:00:00,1.333,142.89,0.0,38.646,21.3,1.333
영주,2004101,2026-05-25 04:00:00,12.025,142.9,0.0,38.685,21.4,1.331
영주,2004101,2026-05-25 05:00:00,2.726,142.9,0.0,38.69,21.4,1.337
영주,2004101,2026-05-25 06:00:00,1.337,142.9,0.0,38.69,21.4,1.337
영주,2004101,2026-05-25 07:00:00,1.335,142.9,0.0,38.69,21.4,1.335
영주,2004101,2026-05-25 08:00:00,13.084,142.91,0.0,38.732,21.4,1.334
영주,2004101,2026-05-25 09:00:00,1.335,142.91,0.0,38.732,21.4,1.335
영주,2004101,2026-05-25 10:00:00,1.668,142.91,0.0,38.733,21.4,1.335
영주,2004101,2026-05-25 11:00:00,0.0,142.91,0.0,38.723,21.4,1.335
영주,2004101,2026-05-25 12:00:00,0.639,142.91,0.0,38.721,21.4,1.333
영주,2004101,2026-05-25 13:00:00,1.333,142.91,0.0,38.721,21.4,1.333
영주,2004101,2026-05-25 14:00:00,13.473,142.92,0.0,38.765,21.4,1.334
영주,2004101,2026-05-25 15:00:00,1.333,142.92,0.0,38.765,21.4,1.333
영주,2004101,2026-05-25 16:00:00,1.335,142.92,0.0,38.765,21.4,1.335
영주,2004101,2026-05-25 17:00:00,1.333,142.92,0.0,38.765,21.4,1.333
영주,2004101,2026-05-25 18:00:00,1.334,142.92,0.0,38.765,21.4,1.334
영주,2004101,2026-05-25 19:00:00,1.334,142.92,0.0,38.765,21.4,1.334
영주,2004101,2026-05-25 20:00:00,1.332,142.92,0.0,38.765,21.4,1.332
영주,2004101,2026-05-25 21:00:00,1.334,142.92,0.0,38.765,21.4,1.334
영주,2004101,2026-05-25 22:00:00,1.333,142.92,0.0,38.765,21.4,1.333
영주,2004101,2026-05-25 23:00:00,1.333,142.92,0.0,38.765,21.4,1.333
영주,2004101,2026-05-26 00:00:00,2.388,142.92,0.0,38.768,21.4,1.332
영주,2004101,2026-05-26 01:00:00,15.888,142.93,0.0,38.821,21.4,1.332
영주,2004101,2026-05-26 02:00:00,0.0,142.93,0.0,38.809,21.4,1.334
영주,2004101,2026-05-26 03:00:00,0.975,142.93,0.0,38.808,21.4,1.336
영주,2004101,2026-05-26 04:00:00,1.334,142.93,0.0,38.808,21.4,1.334
영주,2004101,2026-05-26 05:00:00,1.333,142.93,0.0,38.808,21.4,1.333
영주,2004101,2026-05-26 06:00:00,3.779,142.93,0.0,38.817,21.4,1.335
영주,2004101,2026-05-26 07:00:00,0.0,142.93,0.0,38.808,21.4,1.335
영주,2004101,2026-05-26 08:00:00,1.334,142.93,0.0,38.808,21.4,1.334
영주,2004101,2026-05-26 09:00:00,1.334,142.93,0.0,38.808,21.4,1.334
영주,2004101,2026-05-26 10:00:00,13.445,142.94,0.0,38.852,21.5,1.334
영주,2004101,2026-05-26 11:00:00,13.44,142.95,0.0,38.895,21.5,1.329
영주,2004101,2026-05-26 12:00:00,13.438,142.96,0.0,38.939,21.5,1.327
영주,2004101,2026-05-26 13:00:00,1.328,142.96,0.0,38.939,21.5,1.328
영주,2004101,2026-05-26 14:00:00,1.328,142.96,0.0,38.939,21.5,1.328
영주,2004101,2026-05-26 15:00:00,1.328,142.96,0.0,38.939,21.5,1.328
영주,2004101,2026-05-26 16:00:00,1.328,142.96,0.0,38.939,21.5,1.328
영주,2004101,2026-05-26 17:00:00,1.327,142.96,0.0,38.939,21.5,1.327
영주,2004101,2026-05-26 18:00:00,1.328,142.96,0.0,38.939,21.5,1.328
영주,2004101,2026-05-26 19:00:00,1.329,142.96,0.0,38.939,21.5,1.329
영주,2004101,2026-05-26 20:00:00,1.332,142.96,0.0,38.939,21.5,1.332
영주,2004101,2026-05-26 21:00:00,1.359,142.96,0.0,38.939,21.5,1.359
영주,2004101,2026-05-26 22:00:00,1.363,142.96,0.0,38.939,21.5,1.363
영주,2004101,2026-05-26 23:00:00,1.366,142.96,0.0,38.939,21.5,1.366
영주,2004101,2026-05-27 00:00:00,1.366,142.96,0.0,38.939,21.5,1.366
영주,2004101,2026-05-27 01:00:00,4.531,142.96,0.0,38.95,21.5,1.364
영주,2004101,2026-05-27 02:00:00,0.0,142.96,0.0,38.944,21.5,1.365
영주,2004101,2026-05-27 03:00:00,0.638,142.96,0.0,38.941,21.5,1.36
영주,2004101,2026-05-27 04:00:00,4.165,142.96,0.0,38.952,21.5,1.359
영주,2004101,2026-05-27 05:00:00,1.36,142.96,0.0,38.952,21.5,1.36
영주,2004101,2026-05-27 06:00:00,1.361,142.96,0.0,38.952,21.5,1.361
영주,2004101,2026-05-27 07:00:00,1.359,142.96,0.0,38.952,21.5,1.359
영주,2004101,2026-05-27 08:00:00,13.496,142.97,1.0,38.995,21.5,1.357
영주,2004101,2026-05-27 09:00:00,1.362,142.97,1.2,38.995,21.5,1.362
영주,2004101,2026-05-27 10:00:00,1.362,142.97,1.3,38.995,21.5,1.362
군위,2008101,2026-05-24 10:00:00,0.217,190.19,0.0,18.144,37.3,1.106
군위,2008101,2026-05-24 11:00:00,0.662,190.19,0.0,18.143,37.3,1.106
군위,2008101,2026-05-24 12:00:00,1.107,190.19,0.0,18.143,37.3,1.107
군위,2008101,2026-05-24 13:00:00,1.108,190.19,0.0,18.143,37.3,1.108
군위,2008101,2026-05-24 14:00:00,0.0,190.19,0.0,18.138,37.2,1.104
군위,2008101,2026-05-24 15:00:00,1.103,190.19,0.0,18.138,37.2,1.103
군위,2008101,2026-05-24 16:00:00,0.883,190.19,0.0,18.137,37.2,1.105
군위,2008101,2026-05-24 17:00:00,0.188,190.19,0.0,18.134,37.2,1.105
군위,2008101,2026-05-24 18:00:00,0.883,190.19,0.0,18.133,37.2,1.105
군위,2008101,2026-05-24 19:00:00,1.103,190.19,0.0,18.133,37.2,1.103
군위,2008101,2026-05-24 20:00:00,0.0,190.18,0.0,18.128,37.2,1.104
군위,2008101,2026-05-24 21:00:00,1.106,190.18,0.0,18.128,37.2,1.106
군위,2008101,2026-05-24 22:00:00,1.104,190.18,0.0,18.128,37.2,1.104
군위,2008101,2026-05-24 23:00:00,1.105,190.18,0.0,18.128,37.2,1.105
군위,2008101,2026-05-25 00:00:00,0.0,190.18,0.0,18.122,37.2,1.103
군위,2008101,2026-05-25 01:00:00,0.658,190.18,0.0,18.12,37.2,1.102
군위,2008101,2026-05-25 02:00:00,1.101,190.18,0.0,18.12,37.2,1.101
군위,2008101,2026-05-25 03:00:00,0.216,190.18,0.0,18.117,37.2,1.105
군위,2008101,2026-05-25 04:00:00,0.662,190.17,0.0,18.115,37.2,1.106
군위,2008101,2026-05-25 05:00:00,1.105,190.17,0.0,18.115,37.2,1.105
군위,2008101,2026-05-25 06:00:00,0.0,190.17,0.0,18.11,37.2,1.104
군위,2008101,2026-05-25 07:00:00,0.88,190.17,0.0,18.109,37.2,1.102
군위,2008101,2026-05-25 08:00:00,1.103,190.17,0.0,18.109,37.2,1.103
군위,2008101,2026-05-25 09:00:00,1.103,190.17,0.0,18.109,37.2,1.103
군위,2008101,2026-05-25 10:00:00,0.0,190.16,0.0,18.099,37.2,1.104
군위,2008101,2026-05-25 11:00:00,1.104,190.16,0.0,18.099,37.2,1.104
군위,2008101,2026-05-25 12:00:00,1.104,190.16,0.0,18.099,37.2,1.104
군위,2008101,2026-05-25 13:00:00,1.104,190.16,0.0,18.099,37.2,1.104
군위,2008101,2026-05-25 14:00:00,0.0,190.16,0.0,18.091,37.2,1.105
군위,2008101,2026-05-25 15:00:00,1.103,190.16,0.0,18.091,37.2,1.103
군위,2008101,2026-05-25 16:00:00,1.099,190.16,0.0,18.091,37.2,1.099
군위,2008101,2026-05-25 17:00:00,1.101,190.16,0.0,18.091,37.2,1.101
군위,2008101,2026-05-25 18:00:00,0.0,190.15,0.0,18.082,37.1,1.103
군위,2008101,2026-05-25 19:00:00,0.0,190.15,0.0,18.075,37.1,1.102
군위,2008101,2026-05-25 20:00:00,1.101,190.15,0.0,18.075,37.1,1.101
군위,2008101,2026-05-25 21:00:00,1.101,190.15,0.0,18.075,37.1,1.101
군위,2008101,2026-05-25 22:00:00,1.105,190.15,0.0,18.075,37.1,1.105
군위,2008101,2026-05-25 23:00:00,1.103,190.15,0.0,18.075,37.1,1.103
군위,2008101,2026-05-26 00:00:00,0.0,190.14,0.0,18.067,37.1,1.105
군위,2008101,2026-05-26 01:00:00,1.102,190.14,0.0,18.067,37.1,1.102
군위,2008101,2026-05-26 02:00:00,1.102,190.14,0.0,18.067,37.1,1.102
군위,2008101,2026-05-26 03:00:00,0.0,190.14,0.0,18.059,37.1,1.102
군위,2008101,2026-05-26 04:00:00,1.102,190.14,0.0,18.059,37.1,1.102
군위,2008101,2026-05-26 05:00:00,1.103,190.14,0.0,18.059,37.1,1.103
군위,2008101,2026-05-26 06:00:00,0.0,190.13,0.0,18.049,37.1,1.101
군위,2008101,2026-05-26 07:00:00,1.102,190.13,0.0,18.049,37.1,1.102
군위,2008101,2026-05-26 08:00:00,1.104,190.13,0.0,18.049,37.1,1.104
군위,2008101,2026-05-26 09:00:00,1.104,190.13,0.0,18.049,37.1,1.104
군위,2008101,2026-05-26 10:00:00,0.0,190.13,0.0,18.039,37.0,1.102
군위,2008101,2026-05-26 11:00:00,0.434,190.13,0.0,18.037,37.0,1.101
군위,2008101,2026-05-26 12:00:00,0.0,190.12,0.0,18.032,37.0,1.102
군위,2008101,2026-05-26 13:00:00,0.212,190.12,0.0,18.029,37.0,1.101
군위,2008101,2026-05-26 14:00:00,0.212,190.12,0.0,18.025,37.0,1.101
군위,2008101,2026-05-26 15:00:00,0.433,190.12,0.0,18.023,37.0,1.1
군위,2008101,2026-05-26 16:00:00,0.878,190.12,0.0,18.022,37.0,1.1
군위,2008101,2026-05-26 17:00:00,0.0,190.11,0.0,18.018,37.0,1.1
군위,2008101,2026-05-26 18:00:00,0.0,190.11,0.0,18.013,37.0,1.099
군위,2008101,2026-05-26 19:00:00,0.877,190.11,0.0,18.013,37.0,1.099
군위,2008101,2026-05-26 20:00:00,1.099,190.11,0.0,18.013,37.0,1.099
군위,2008101,2026-05-26 21:00:00,0.0,190.1,0.0,18.003,37.0,1.1
군위,2008101,2026-05-26 22:00:00,1.103,190.1,0.2,18.003,37.0,1.103
군위,2008101,2026-05-26 23:00:00,0.882,190.1,0.0,18.002,37.0,1.104
군위,2008101,2026-05-27 00:00:00,0.879,190.1,0.8,18.001,37.0,1.101
군위,2008101,2026-05-27 01:00:00,0.211,190.1,0.0,17.998,37.0,1.1
군위,2008101,2026-05-27 02:00:00,0.0,190.1,0.0,17.993,37.0,1.1
군위,2008101,2026-05-27 03:00:00,0.877,190.1,0.2,17.993,37.0,1.099
군위,2008101,2026-05-27 04:00:00,0.878,190.1,0.0,17.992,37.0,1.1
군위,2008101,2026-05-27 05:00:00,0.211,190.1,0.0,17.989,36.9,1.1
군위,2008101,2026-05-27 06:00:00,0.0,190.09,0.8,17.984,36.9,1.1
군위,2008101,2026-05-27 07:00:00,1.1,190.09,0.0,17.984,36.9,1.1
군위,2008101,2026-05-27 08:00:00,1.099,190.09,0.0,17.984,36.9,1.099
군위,2008101,2026-05-27 09:00:00,0.0,190.09,0.0,17.977,36.9,1.1
군위,2008101,2026-05-27 10:00:00,1.101,190.09,0.0,17.977,36.9,1.101
보현산,2012101,2026-05-24 10:00:00,0.451,220.22,0.0,5.528,25.0,0.451
보현산,2012101,2026-05-24 11:00:00,0.45,220.22,0.0,5.528,25.0,0.45
보현산,2012101,2026-05-24 12:00:00,0.451,220.22,0.0,5.528,25.0,0.451
보현산,2012101,2026-05-24 13:00:00,0.0,220.21,0.0,5.523,25.0,0.45
보현산,2012101,2026-05-24 14:00:00,0.452,220.21,0.0,5.523,25.0,0.452
보현산,2012101,2026-05-24 15:00:00,0.455,220.21,0.0,5.523,25.0,0.455
보현산,2012101,2026-05-24 16:00:00,0.455,220.21,0.0,5.523,25.0,0.455
보현산,2012101,2026-05-24 17:00:00,0.455,220.21,0.0,5.523,25.0,0.455
보현산,2012101,2026-05-24 18:00:00,0.0,220.2,0.0,5.517,25.0,0.451
보현산,2012101,2026-05-24 19:00:00,0.451,220.2,0.0,5.517,25.0,0.451
보현산,2012101,2026-05-24 20:00:00,0.451,220.2,0.0,5.517,25.0,0.451
보현산,2012101,2026-05-24 21:00:00,0.451,220.2,0.0,5.517,25.0,0.451
보현산,2012101,2026-05-24 22:00:00,0.451,220.2,0.0,5.517,25.0,0.451
보현산,2012101,2026-05-24 23:00:00,0.451,220.2,0.0,5.517,25.0,0.451
보현산,2012101,2026-05-25 00:00:00,0.451,220.2,0.0,5.517,25.0,0.451
보현산,2012101,2026-05-25 01:00:00,0.0,220.19,0.0,5.512,24.9,0.451
보현산,2012101,2026-05-25 02:00:00,0.453,220.19,0.0,5.512,24.9,0.453
보현산,2012101,2026-05-25 03:00:00,0.454,220.19,0.0,5.512,24.9,0.454
보현산,2012101,2026-05-25 04:00:00,0.453,220.19,0.0,5.512,24.9,0.453
보현산,2012101,2026-05-25 05:00:00,0.453,220.19,0.0,5.512,24.9,0.453
보현산,2012101,2026-05-25 06:00:00,0.0,220.19,0.0,5.509,24.9,0.453
보현산,2012101,2026-05-25 07:00:00,0.0,220.18,0.0,5.506,24.9,0.453
보현산,2012101,2026-05-25 08:00:00,0.453,220.18,0.0,5.506,24.9,0.453
보현산,2012101,2026-05-25 09:00:00,0.451,220.18,0.0,5.506,24.9,0.451
보현산,2012101,2026-05-25 10:00:00,0.451,220.18,0.0,5.506,24.9,0.451
보현산,2012101,2026-05-25 11:00:00,0.0,220.17,0.0,5.5,24.9,0.451
보현산,2012101,2026-05-25 12:00:00,0.453,220.17,0.0,5.5,24.9,0.453
보현산,2012101,2026-05-25 13:00:00,0.451,220.17,0.0,5.5,24.9,0.451
보현산,2012101,2026-05-25 14:00:00,0.45,220.17,0.0,5.5,24.9,0.45
보현산,2012101,2026-05-25 15:00:00,0.45,220.17,0.0,5.5,24.9,0.45
보현산,2012101,2026-05-25 16:00:00,0.0,220.16,0.0,5.495,24.9,0.45
보현산,2012101,2026-05-25 17:00:00,0.451,220.16,0.0,5.495,24.9,0.451
보현산,2012101,2026-05-25 18:00:00,0.453,220.16,0.0,5.495,24.9,0.453
보현산,2012101,2026-05-25 19:00:00,0.453,220.16,0.0,5.495,24.9,0.453
보현산,2012101,2026-05-25 20:00:00,0.453,220.16,0.0,5.495,24.9,0.453
보현산,2012101,2026-05-25 21:00:00,0.454,220.16,0.0,5.495,24.9,0.454
보현산,2012101,2026-05-25 22:00:00,0.453,220.16,0.0,5.495,24.9,0.453
보현산,2012101,2026-05-25 23:00:00,0.45,220.16,0.0,5.495,24.9,0.45
보현산,2012101,2026-05-26 00:00:00,0.0,220.15,0.0,5.489,24.8,0.45
보현산,2012101,2026-05-26 01:00:00,0.45,220.15,0.0,5.489,24.8,0.45
보현산,2012101,2026-05-26 02:00:00,0.45,220.15,0.0,5.489,24.8,0.45
보현산,2012101,2026-05-26 03:00:00,0.45,220.15,0.0,5.489,24.8,0.45
보현산,2012101,2026-05-26 04:00:00,0.453,220.15,0.0,5.489,24.8,0.453
보현산,2012101,2026-05-26 05:00:00,0.454,220.15,0.0,5.489,24.8,0.454
보현산,2012101,2026-05-26 06:00:00,0.0,220.14,0.0,5.483,24.8,0.454
보현산,2012101,2026-05-26 07:00:00,0.454,220.14,0.0,5.483,24.8,0.454
보현산,2012101,2026-05-26 08:00:00,0.454,220.14,0.0,5.483,24.8,0.454
보현산,2012101,2026-05-26 09:00:00,0.454,220.14,0.0,5.483,24.8,0.454
보현산,2012101,2026-05-26 10:00:00,0.452,220.14,0.0,5.483,24.8,0.452
보현산,2012101,2026-05-26 11:00:00,0.457,220.14,0.0,5.483,24.8,0.457
보현산,2012101,2026-05-26 12:00:00,0.0,220.13,0.0,5.478,24.8,0.459
보현산,2012101,2026-05-26 13:00:00,0.459,220.13,0.0,5.478,24.8,0.459
보현산,2012101,2026-05-26 14:00:00,0.459,220.13,0.0,5.478,24.8,0.459
보현산,2012101,2026-05-26 15:00:00,0.459,220.13,0.0,5.478,24.8,0.459
보현산,2012101,2026-05-26 16:00:00,0.459,220.13,0.0,5.478,24.8,0.459
보현산,2012101,2026-05-26 17:00:00,0.0,220.12,0.0,5.472,24.8,0.459
보현산,2012101,2026-05-26 18:00:00,0.459,220.12,0.0,5.472,24.8,0.459
보현산,2012101,2026-05-26 19:00:00,0.459,220.12,0.0,5.472,24.8,0.459
보현산,2012101,2026-05-26 20:00:00,0.459,220.12,0.0,5.472,24.8,0.459
보현산,2012101,2026-05-26 21:00:00,0.128,220.12,0.0,5.471,24.8,0.461
보현산,2012101,2026-05-26 22:00:00,0.0,220.11,0.0,5.467,24.7,0.46
보현산,2012101,2026-05-26 23:00:00,0.46,220.11,0.3,5.467,24.7,0.46
보현산,2012101,2026-05-27 00:00:00,0.46,220.11,0.7,5.467,24.7,0.46
보현산,2012101,2026-05-27 01:00:00,0.46,220.11,0.0,5.467,24.7,0.46
보현산,2012101,2026-05-27 02:00:00,0.46,220.11,0.0,5.467,24.7,0.46
보현산,2012101,2026-05-27 03:00:00,0.46,220.11,0.0,5.467,24.7,0.46
보현산,2012101,2026-05-27 04:00:00,0.46,220.11,0.0,5.467,24.7,0.46
보현산,2012101,2026-05-27 05:00:00,0.0,220.1,0.0,5.461,24.7,0.46
보현산,2012101,2026-05-27 06:00:00,0.46,220.1,0.0,5.461,24.7,0.46
보현산,2012101,2026-05-27 07:00:00,0.46,220.1,0.0,5.461,24.7,0.46
보현산,2012101,2026-05-27 08:00:00,0.46,220.1,0.0,5.461,24.7,0.46
보현산,2012101,2026-05-27 09:00:00,0.465,220.1,0.0,5.461,24.7,0.465
보현산,2012101,2026-05-27 10:00:00,0.47,220.1,0.0,5.461,24.7,0.47
합천,2015110,2026-05-24 10:00:00,9.5,161.55,0.0,425.505,53.9,0.0
합천,2015110,2026-05-24 11:00:00,8.056,161.55,0.0,425.534,53.9,0.0
합천,2015110,2026-05-24 12:00:00,10.889,161.56,0.0,425.573,53.9,0.0
합천,2015110,2026-05-24 13:00:00,9.5,161.56,0.0,425.607,53.9,0.0
합천,2015110,2026-05-24 14:00:00,10.417,161.56,0.0,425.645,53.9,0.0
합천,2015110,2026-05-24 15:00:00,8.556,161.56,0.0,425.676,53.9,0.0
합천,2015110,2026-05-24 16:00:00,10.904,161.55,0.0,425.549,53.9,46.015
합천,2015110,2026-05-24 17:00:00,11.04,161.55,0.0,425.425,53.9,45.623
합천,2015110,2026-05-24 18:00:00,8.068,161.54,0.0,425.297,53.8,43.624
합천,2015110,2026-05-24 19:00:00,9.112,161.53,0.0,425.174,53.8,43.223
합천,2015110,2026-05-24 20:00:00,4.45,161.53,0.0,425.148,53.8,11.561
합천,2015110,2026-05-24 21:00:00,4.25,161.53,0.0,425.164,53.8,0.0
합천,2015110,2026-05-24 22:00:00,11.861,161.53,0.0,425.206,53.8,0.0
합천,2015110,2026-05-24 23:00:00,7.111,161.54,0.0,425.232,53.8,0.0
합천,2015110,2026-05-25 00:00:00,9.472,161.54,0.0,425.266,53.8,0.0
합천,2015110,2026-05-25 01:00:00,4.722,161.54,0.0,425.283,53.8,0.0
합천,2015110,2026-05-25 02:00:00,9.5,161.54,0.0,425.317,53.8,0.0
합천,2015110,2026-05-25 03:00:00,9.472,161.54,0.0,425.351,53.8,0.0
합천,2015110,2026-05-25 04:00:00,9.472,161.55,0.0,425.385,53.9,0.0
합천,2015110,2026-05-25 05:00:00,9.472,161.55,0.0,425.419,53.9,0.0
합천,2015110,2026-05-25 06:00:00,14.316,161.54,0.0,425.317,53.8,42.733
합천,2015110,2026-05-25 07:00:00,2.048,161.53,0.0,425.162,53.8,45.187
합천,2015110,2026-05-25 08:00:00,1.757,161.52,0.0,425.008,53.8,44.396
합천,2015110,2026-05-25 09:00:00,11.53,161.52,0.0,424.884,53.8,46.113
합천,2015110,2026-05-25 10:00:00,0.472,161.52,0.0,424.886,53.8,0.0
합천,2015110,2026-05-25 11:00:00,6.167,161.52,0.0,424.908,53.8,0.0
합천,2015110,2026-05-25 12:00:00,8.528,161.52,0.0,424.938,53.8,0.0
합천,2015110,2026-05-25 13:00:00,5.694,161.52,0.0,424.959,53.8,0.0
합천,2015110,2026-05-25 14:00:00,4.25,161.52,0.0,424.974,53.8,0.0
합천,2015110,2026-05-25 15:00:00,9.0,161.52,0.0,425.007,53.8,0.0
합천,2015110,2026-05-25 16:00:00,9.0,161.52,0.0,425.039,53.8,0.0
합천,2015110,2026-05-25 17:00:00,10.664,161.52,0.0,424.911,53.8,46.192
합천,2015110,2026-05-25 18:00:00,5.952,161.51,0.0,424.763,53.8,47.146
합천,2015110,2026-05-25 19:00:00,1.957,161.5,0.0,424.606,53.8,45.54
합천,2015110,2026-05-25 20:00:00,10.03,161.49,0.0,424.478,53.7,45.53
합천,2015110,2026-05-25 21:00:00,7.987,161.49,0.0,424.461,53.7,12.709
합천,2015110,2026-05-25 22:00:00,11.361,161.49,0.0,424.502,53.7,0.0
합천,2015110,2026-05-25 23:00:00,3.778,161.49,0.0,424.516,53.7,0.0
합천,2015110,2026-05-26 00:00:00,9.472,161.5,0.0,424.55,53.7,0.0
합천,2015110,2026-05-26 01:00:00,9.472,161.5,0.0,424.584,53.7,0.0
합천,2015110,2026-05-26 02:00:00,9.472,161.5,0.0,424.618,53.8,0.0
합천,2015110,2026-05-26 03:00:00,9.472,161.5,0.0,424.652,53.8,0.0
합천,2015110,2026-05-26 04:00:00,9.444,161.5,0.0,424.686,53.8,0.0
합천,2015110,2026-05-26 05:00:00,5.237,161.51,0.0,424.703,53.8,0.487
합천,2015110,2026-05-26 06:00:00,11.998,161.5,0.0,424.594,53.8,42.304
합천,2015110,2026-05-26 07:00:00,8.942,161.49,0.0,424.465,53.7,44.914
합천,2015110,2026-05-26 08:00:00,2.592,161.48,0.0,424.311,53.7,45.203
합천,2015110,2026-05-26 09:00:00,0.0,161.48,0.0,424.233,53.7,20.366
합천,2015110,2026-05-26 10:00:00,5.694,161.48,0.0,424.253,53.7,0.0
합천,2015110,2026-05-26 11:00:00,5.667,161.48,0.0,424.274,53.7,0.0
합천,2015110,2026-05-26 12:00:00,9.472,161.48,0.0,424.308,53.7,0.0
합천,2015110,2026-05-26 13:00:00,5.694,161.48,0.0,424.328,53.7,0.0
합천,2015110,2026-05-26 14:00:00,8.478,161.48,0.0,424.328,53.7,8.478
합천,2015110,2026-05-26 15:00:00,8.626,161.47,0.0,424.188,53.7,47.459
합천,2015110,2026-05-26 16:00:00,8.656,161.47,0.0,424.049,53.7,47.434
합천,2015110,2026-05-26 17:00:00,10.424,161.46,0.0,423.919,53.7,46.396
합천,2015110,2026-05-26 18:00:00,6.235,161.45,0.0,423.78,53.6,45.013
합천,2015110,2026-05-26 19:00:00,1.679,161.44,0.2,423.621,53.6,45.651
합천,2015110,2026-05-26 20:00:00,6.822,161.44,1.0,423.586,53.6,16.739
합천,2015110,2026-05-26 21:00:00,47.75,161.45,4.9,423.758,53.6,0.0
합천,2015110,2026-05-26 22:00:00,35.944,161.46,1.9,423.887,53.7,0.0
합천,2015110,2026-05-26 23:00:00,31.222,161.46,1.6,423.999,53.7,0.0
합천,2015110,2026-05-27 00:00:00,31.694,161.47,0.9,424.114,53.7,0.0
합천,2015110,2026-05-27 01:00:00,15.139,161.47,0.0,424.168,53.7,0.0
합천,2015110,2026-05-27 02:00:00,24.611,161.48,0.7,424.257,53.7,0.0
합천,2015110,2026-05-27 03:00:00,22.25,161.48,0.5,424.337,53.7,0.0
합천,2015110,2026-05-27 04:00:00,27.366,161.48,0.8,424.282,53.7,42.533
합천,2015110,2026-05-27 05:00:00,17.978,161.48,0.5,424.192,53.7,43.034
합천,2015110,2026-05-27 06:00:00,18.21,161.47,0.5,424.103,53.7,42.821
합천,2015110,2026-05-27 07:00:00,18.23,161.46,0.4,424.015,53.7,42.841
합천,2015110,2026-05-27 08:00:00,17.259,161.46,0.1,423.921,53.7,43.287
합천,2015110,2026-05-27 09:00:00,12.841,161.46,0.0,423.965,53.7,0.535
합천,2015110,2026-05-27 10:00:00,15.611,161.47,0.2,424.022,53.7,0.0
남강,2018110,2026-05-24 10:00:00,55.378,39.4,0.0,140.627,45.5,105.211
남강,2018110,2026-05-24 11:00:00,48.381,39.39,0.0,140.422,45.4,105.27
남강,2018110,2026-05-24 12:00:00,48.395,39.38,0.0,140.218,45.4,105.312
남강,2018110,2026-05-24 13:00:00,22.197,39.37,0.0,139.918,45.3,105.364
남강,2018110,2026-05-24 14:00:00,60.694,39.36,0.0,139.757,45.2,105.444
남강,2018110,2026-05-24 15:00:00,38.712,39.35,0.0,139.517,45.1,105.49
남강,2018110,2026-05-24 16:00:00,51.565,39.35,0.0,139.322,45.1,105.537
남강,2018110,2026-05-24 17:00:00,27.43,39.33,0.0,139.041,45.0,105.486
남강,2018110,2026-05-24 18:00:00,55.795,39.33,0.0,138.863,44.9,105.462
남강,2018110,2026-05-24 19:00:00,41.683,39.32,0.0,138.633,44.8,105.516
남강,2018110,2026-05-24 20:00:00,27.624,39.31,0.0,138.352,44.8,105.596
남강,2018110,2026-05-24 21:00:00,42.57,39.3,0.0,138.125,44.7,105.626
남강,2018110,2026-05-24 22:00:00,41.136,39.29,0.0,137.893,44.6,105.58
남강,2018110,2026-05-24 23:00:00,32.94,39.28,0.0,137.631,44.5,105.857
남강,2018110,2026-05-25 00:00:00,37.209,39.27,0.0,137.383,44.4,105.848
남강,2018110,2026-05-25 01:00:00,42.04,39.26,0.0,137.154,44.4,105.707
남강,2018110,2026-05-25 02:00:00,35.079,39.25,0.0,136.9,44.3,105.773
남강,2018110,2026-05-25 03:00:00,56.249,39.24,0.0,136.722,44.2,105.721
남강,2018110,2026-05-25 04:00:00,20.912,39.23,0.0,136.417,44.1,105.662
남강,2018110,2026-05-25 05:00:00,49.335,39.22,0.0,136.213,44.1,105.807
남강,2018110,2026-05-25 06:00:00,28.362,39.21,0.0,135.934,44.0,106.001
남강,2018110,2026-05-25 07:00:00,42.497,39.2,0.0,135.705,43.9,105.969
남강,2018110,2026-05-25 08:00:00,14.26,39.19,0.0,135.375,43.8,105.927
남강,2018110,2026-05-25 09:00:00,36.475,39.18,0.0,135.127,43.7,105.503
남강,2018110,2026-05-25 10:00:00,26.245,39.17,0.0,134.848,43.6,103.717
남강,2018110,2026-05-25 11:00:00,50.113,39.16,0.0,134.655,43.6,103.613
남강,2018110,2026-05-25 12:00:00,11.527,39.15,0.0,134.323,43.4,103.694
남강,2018110,2026-05-25 13:00:00,54.585,39.14,0.0,134.146,43.4,103.807
남강,2018110,2026-05-25 14:00:00,23.116,39.13,0.0,133.855,43.3,103.949
남강,2018110,2026-05-25 15:00:00,40.901,39.12,0.0,133.628,43.2,104.123
남강,2018110,2026-05-25 16:00:00,26.27,39.11,0.0,133.347,43.1,104.214
남강,2018110,2026-05-25 17:00:00,15.931,39.1,0.0,133.029,43.0,104.348
남강,2018110,2026-05-25 18:00:00,53.277,39.09,0.0,132.844,43.0,104.471
남강,2018110,2026-05-25 19:00:00,33.122,39.08,0.0,132.587,42.9,104.622
남강,2018110,2026-05-25 20:00:00,29.01,39.07,0.0,132.315,42.8,104.704
남강,2018110,2026-05-25 21:00:00,20.773,39.06,0.0,132.012,42.7,104.801
남강,2018110,2026-05-25 22:00:00,41.899,39.05,0.0,131.785,42.6,104.871
남강,2018110,2026-05-25 23:00:00,26.444,39.04,0.0,131.508,42.5,103.416
남강,2018110,2026-05-26 00:00:00,33.488,39.03,0.0,131.257,42.5,103.377
남강,2018110,2026-05-26 01:00:00,20.443,39.02,0.0,130.955,42.4,104.304
남강,2018110,2026-05-26 02:00:00,27.467,39.0,0.0,130.678,42.3,104.273
남강,2018110,2026-05-26 03:00:00,34.554,38.99,0.0,130.427,42.2,104.36
남강,2018110,2026-05-26 04:00:00,15.833,38.98,0.0,130.108,42.1,104.416
남강,2018110,2026-05-26 05:00:00,36.986,38.97,0.0,129.865,42.0,104.597
남강,2018110,2026-05-26 06:00:00,16.268,38.96,0.0,129.546,41.9,104.74
남강,2018110,2026-05-26 07:00:00,42.823,38.95,0.0,129.323,41.8,104.795
남강,2018110,2026-05-26 08:00:00,21.55,38.94,0.0,129.022,41.7,105.05
남강,2018110,2026-05-26 09:00:00,28.694,38.93,0.0,128.747,41.6,105.166
남강,2018110,2026-05-26 10:00:00,35.497,38.92,0.0,128.497,41.6,104.997
남강,2018110,2026-05-26 11:00:00,28.615,38.91,0.0,128.222,41.5,105.032
남강,2018110,2026-05-26 12:00:00,35.707,38.9,0.1,127.972,41.4,105.124
남강,2018110,2026-05-26 13:00:00,28.893,38.89,0.0,127.697,41.3,105.199
남강,2018110,2026-05-26 14:00:00,27.588,38.87,0.0,127.418,41.2,105.255
남강,2018110,2026-05-26 15:00:00,43.761,38.87,0.0,127.198,41.1,104.733
남강,2018110,2026-05-26 16:00:00,9.27,38.85,0.0,126.854,41.0,104.853
남강,2018110,2026-05-26 17:00:00,41.265,38.84,0.0,126.625,41.0,104.932
남강,2018110,2026-05-26 18:00:00,27.344,38.83,0.7,126.346,40.9,104.788
남강,2018110,2026-05-26 19:00:00,63.762,38.83,2.9,126.202,40.8,103.873
남강,2018110,2026-05-26 20:00:00,68.989,38.82,6.4,126.077,40.8,103.545
남강,2018110,2026-05-26 21:00:00,96.598,38.82,5.8,126.052,40.8,103.515
남강,2018110,2026-05-26 22:00:00,103.42,38.82,4.4,126.052,40.8,103.42
남강,2018110,2026-05-26 23:00:00,150.481,38.83,5.0,126.222,40.8,103.481
남강,2018110,2026-05-27 00:00:00,104.87,38.83,3.0,126.227,40.8,103.481
남강,2018110,2026-05-27 01:00:00,169.789,38.84,2.8,126.466,40.9,103.4
남강,2018110,2026-05-27 02:00:00,168.255,38.85,1.0,126.7,41.0,103.227
남강,2018110,2026-05-27 03:00:00,179.376,38.86,0.6,126.974,41.1,103.237
남강,2018110,2026-05-27 04:00:00,173.394,38.87,0.5,127.223,41.2,104.144
남강,2018110,2026-05-27 05:00:00,173.436,38.88,0.5,127.473,41.2,104.13
남강,2018110,2026-05-27 06:00:00,173.368,38.89,0.7,127.722,41.3,104.035
남강,2018110,2026-05-27 07:00:00,168.075,38.9,0.4,127.952,41.4,104.242
남강,2018110,2026-05-27 08:00:00,203.686,38.91,0.3,128.307,41.5,105.103
남강,2018110,2026-05-27 09:00:00,185.596,38.92,0.2,128.597,41.6,105.013
남강,2018110,2026-05-27 10:00:00,216.204,38.94,0.3,128.997,41.7,104.954
밀양,2021110,2026-05-24 10:00:00,2.381,185.83,0.0,33.245,45.2,2.353
밀양,2021110,2026-05-24 11:00:00,2.036,185.83,0.0,33.243,45.2,2.369
밀양,2021110,2026-05-24 12:00:00,1.177,185.82,0.0,33.241,45.2,1.955
밀양,2021110,2026-05-24 13:00:00,0.909,185.82,0.0,33.237,45.2,1.965
밀양,2021110,2026-05-24 14:00:00,1.34,185.82,0.0,33.234,45.2,2.007
밀양,2021110,2026-05-24 15:00:00,1.25,185.82,0.0,33.23,45.2,2.472
밀양,2021110,2026-05-24 16:00:00,0.548,185.81,0.0,33.224,45.1,2.492
밀양,2021110,2026-05-24 17:00:00,0.628,185.81,0.0,33.217,45.1,2.489
밀양,2021110,2026-05-24 18:00:00,0.754,185.8,0.0,33.21,45.1,2.476
밀양,2021110,2026-05-24 19:00:00,3.148,185.8,0.0,33.213,45.1,2.454
밀양,2021110,2026-05-24 20:00:00,0.0,185.79,0.0,33.201,45.1,2.412
밀양,2021110,2026-05-24 21:00:00,0.971,185.79,0.0,33.195,45.1,2.415
밀양,2021110,2026-05-24 22:00:00,0.688,185.79,0.0,33.189,45.1,2.41
밀양,2021110,2026-05-24 23:00:00,2.544,185.79,0.0,33.19,45.1,2.405
밀양,2021110,2026-05-25 00:00:00,0.0,185.78,0.0,33.178,45.1,2.407
밀양,2021110,2026-05-25 01:00:00,3.849,185.78,0.0,33.183,45.1,2.405
밀양,2021110,2026-05-25 02:00:00,1.715,185.78,0.0,33.18,45.1,2.409
밀양,2021110,2026-05-25 03:00:00,0.0,185.76,0.0,33.159,45.1,2.416
밀양,2021110,2026-05-25 04:00:00,0.803,185.76,0.0,33.154,45.1,2.414
밀양,2021110,2026-05-25 05:00:00,1.36,185.76,0.0,33.15,45.0,2.416
밀양,2021110,2026-05-25 06:00:00,1.4,185.75,0.0,33.146,45.0,2.428
밀양,2021110,2026-05-25 07:00:00,0.691,185.75,0.0,33.139,45.0,2.441
밀양,2021110,2026-05-25 08:00:00,0.915,185.74,0.0,33.134,45.0,2.471
밀양,2021110,2026-05-25 09:00:00,4.056,185.75,0.0,33.139,45.0,2.473
밀양,2021110,2026-05-25 10:00:00,0.0,185.74,0.0,33.123,45.0,2.475
밀양,2021110,2026-05-25 11:00:00,0.62,185.73,0.0,33.117,45.0,2.481
밀양,2021110,2026-05-25 12:00:00,6.233,185.74,0.0,33.13,45.0,2.483
밀양,2021110,2026-05-25 13:00:00,0.0,185.73,0.0,33.117,45.0,2.468
밀양,2021110,2026-05-25 14:00:00,2.182,185.73,0.0,33.116,45.0,2.46
밀양,2021110,2026-05-25 15:00:00,0.0,185.72,0.0,33.106,45.0,2.458
밀양,2021110,2026-05-25 16:00:00,0.0,185.71,0.0,33.087,45.0,2.467
밀양,2021110,2026-05-25 17:00:00,5.411,185.72,0.0,33.097,45.0,2.467
밀양,2021110,2026-05-25 18:00:00,0.0,185.7,0.0,33.076,44.9,2.464
밀양,2021110,2026-05-25 19:00:00,3.442,185.7,0.0,33.08,45.0,2.47
밀양,2021110,2026-05-25 20:00:00,0.0,185.69,0.0,33.066,44.9,2.528
밀양,2021110,2026-05-25 21:00:00,3.643,185.69,0.0,33.07,44.9,2.532
밀양,2021110,2026-05-25 22:00:00,0.344,185.69,0.0,33.062,44.9,2.538
밀양,2021110,2026-05-25 23:00:00,0.0,185.68,0.0,33.045,44.9,2.534
밀양,2021110,2026-05-26 00:00:00,2.42,185.67,0.0,33.044,44.9,2.531
밀양,2021110,2026-05-26 01:00:00,3.618,185.68,0.0,33.048,44.9,2.535
밀양,2021110,2026-05-26 02:00:00,0.0,185.67,0.0,33.033,44.9,2.54
밀양,2021110,2026-05-26 03:00:00,0.0,185.66,0.0,33.022,44.9,2.551
밀양,2021110,2026-05-26 04:00:00,4.653,185.66,0.0,33.03,44.9,2.57
밀양,2021110,2026-05-26 05:00:00,0.257,185.66,0.0,33.022,44.9,2.59
밀양,2021110,2026-05-26 06:00:00,0.0,185.64,0.0,33.004,44.8,2.588
밀양,2021110,2026-05-26 07:00:00,0.48,185.64,0.0,32.996,44.8,2.591
밀양,2021110,2026-05-26 08:00:00,4.516,185.64,0.0,33.002,44.8,2.599
밀양,2021110,2026-05-26 09:00:00,0.0,185.63,0.0,32.984,44.8,2.543
밀양,2021110,2026-05-26 10:00:00,0.226,185.62,0.0,32.976,44.8,2.532
밀양,2021110,2026-05-26 11:00:00,0.984,185.62,0.0,32.971,44.8,2.54
밀양,2021110,2026-05-26 12:00:00,2.663,185.62,0.0,32.971,44.8,2.552
밀양,2021110,2026-05-26 13:00:00,2.287,185.62,0.0,32.97,44.8,2.537
밀양,2021110,2026-05-26 14:00:00,0.0,185.6,0.0,32.945,44.8,2.502
밀양,2021110,2026-05-26 15:00:00,6.216,185.61,0.0,32.958,44.8,2.522
밀양,2021110,2026-05-26 16:00:00,1.463,185.61,0.0,32.954,44.8,2.463
밀양,2021110,2026-05-26 17:00:00,1.143,185.6,0.0,32.949,44.8,2.504
밀양,2021110,2026-05-26 18:00:00,0.353,185.6,0.0,32.941,44.8,2.52
밀양,2021110,2026-05-26 19:00:00,0.021,185.59,0.0,32.932,44.7,2.521
밀양,2021110,2026-05-26 20:00:00,0.0,185.57,0.0,32.907,44.7,2.515
밀양,2021110,2026-05-26 21:00:00,6.35,185.58,0.0,32.92,44.7,2.517
밀양,2021110,2026-05-26 22:00:00,0.0,185.57,1.0,32.904,44.7,2.522
밀양,2021110,2026-05-26 23:00:00,1.876,185.57,3.7,32.902,44.7,2.515
밀양,2021110,2026-05-27 00:00:00,3.043,185.57,2.7,32.904,44.7,2.515
밀양,2021110,2026-05-27 01:00:00,0.94,185.56,2.0,32.899,44.7,2.523
밀양,2021110,2026-05-27 02:00:00,0.038,185.56,1.8,32.89,44.7,2.51
밀양,2021110,2026-05-27 03:00:00,8.745,185.57,1.6,32.912,44.7,2.523
밀양,2021110,2026-05-27 04:00:00,0.0,185.55,0.6,32.882,44.7,2.518
밀양,2021110,2026-05-27 05:00:00,1.493,185.55,0.0,32.878,44.7,2.521
밀양,2021110,2026-05-27 06:00:00,3.322,185.55,0.2,32.88,44.7,2.516
밀양,2021110,2026-05-27 07:00:00,5.045,185.56,0.2,32.89,44.7,2.517
밀양,2021110,2026-05-27 08:00:00,0.0,185.54,0.6,32.867,44.7,2.528
밀양,2021110,2026-05-27 09:00:00,3.194,185.54,0.5,32.87,44.7,2.527
밀양,2021110,2026-05-27 10:00:00,0.0,185.53,0.5,32.858,44.6,2.515
용담,3001110,2026-05-24 10:00:00,2.171,250.88,0.0,405.216,49.7,27.782
용담,3001110,2026-05-24 11:00:00,8.129,250.87,0.0,405.146,49.7,27.323
용담,3001110,2026-05-24 12:00:00,4.581,250.87,0.0,405.1,49.7,17.387
용담,3001110,2026-05-24 13:00:00,30.312,250.87,0.0,405.146,49.7,17.506
용담,3001110,2026-05-24 14:00:00,14.443,250.87,0.0,405.1,49.7,27.249
용담,3001110,2026-05-24 15:00:00,12.669,250.87,0.0,405.043,49.7,28.641
용담,3001110,2026-05-24 16:00:00,0.54,250.86,0.0,404.941,49.7,28.707
용담,3001110,2026-05-24 17:00:00,18.458,250.86,0.0,404.905,49.7,28.68
용담,3001110,2026-05-24 18:00:00,9.497,250.86,0.0,404.836,49.7,28.691
용담,3001110,2026-05-24 19:00:00,15.905,250.86,0.0,404.79,49.7,28.683
용담,3001110,2026-05-24 20:00:00,3.723,250.85,0.0,404.7,49.7,28.667
용담,3001110,2026-05-24 21:00:00,15.231,250.85,0.0,404.651,49.7,28.675
용담,3001110,2026-05-24 22:00:00,15.895,250.85,0.0,404.605,49.6,28.673
용담,3001110,2026-05-24 23:00:00,9.527,250.85,0.0,404.536,49.6,28.694
용담,3001110,2026-05-25 00:00:00,1.805,250.84,0.0,404.44,49.6,28.666
용담,3001110,2026-05-25 01:00:00,19.477,250.84,0.0,404.41,49.6,27.783
용담,3001110,2026-05-25 02:00:00,7.341,250.84,0.0,404.336,49.6,27.785
용담,3001110,2026-05-25 03:00:00,22.693,250.84,0.0,404.318,49.6,27.804
용담,3001110,2026-05-25 04:00:00,7.376,250.83,0.0,404.244,49.6,27.82
용담,3001110,2026-05-25 05:00:00,3.554,250.83,0.0,404.157,49.6,27.832
용담,3001110,2026-05-25 06:00:00,7.396,250.83,0.0,404.083,49.6,27.84
용담,3001110,2026-05-25 07:00:00,15.065,250.82,0.0,404.037,49.6,27.843
용담,3001110,2026-05-25 08:00:00,15.061,250.82,0.0,403.991,49.6,27.839
용담,3001110,2026-05-25 09:00:00,9.968,250.82,0.0,403.927,49.6,27.857
용담,3001110,2026-05-25 10:00:00,1.012,250.82,0.0,403.83,49.6,27.845
용담,3001110,2026-05-25 11:00:00,2.32,250.81,0.0,403.738,49.5,27.848
용담,3001110,2026-05-25 12:00:00,9.936,250.81,0.0,403.674,49.5,27.825
용담,3001110,2026-05-25 13:00:00,20.171,250.81,0.0,403.646,49.5,27.838
용담,3001110,2026-05-25 14:00:00,6.142,250.8,0.0,403.568,49.5,27.836
용담,3001110,2026-05-25 15:00:00,16.956,250.8,0.0,403.529,49.5,27.817
용담,3001110,2026-05-25 16:00:00,10.621,250.8,0.0,403.467,49.5,27.843
용담,3001110,2026-05-25 17:00:00,15.078,250.8,0.0,403.421,49.5,27.828
용담,3001110,2026-05-25 18:00:00,6.704,250.79,0.0,403.345,49.5,27.787
용담,3001110,2026-05-25 19:00:00,11.197,250.79,0.0,403.286,49.5,27.78
용담,3001110,2026-05-25 20:00:00,8.006,250.79,0.0,403.214,49.5,27.784
용담,3001110,2026-05-25 21:00:00,6.73,250.79,0.0,403.139,49.5,27.786
용담,3001110,2026-05-25 22:00:00,6.744,250.78,0.0,403.063,49.5,27.8
용담,3001110,2026-05-25 23:00:00,10.589,250.78,0.0,403.001,49.5,27.811
용담,3001110,2026-05-26 00:00:00,6.758,250.78,0.0,402.925,49.4,27.786
용담,3001110,2026-05-26 01:00:00,25.243,250.78,0.0,402.916,49.4,27.799
용담,3001110,2026-05-26 02:00:00,2.292,250.77,0.0,402.824,49.4,27.792
용담,3001110,2026-05-26 03:00:00,12.493,250.77,0.0,402.769,49.4,27.799
용담,3001110,2026-05-26 04:00:00,0.0,250.76,0.0,402.659,49.4,27.81
용담,3001110,2026-05-26 05:00:00,8.694,250.76,0.0,402.59,49.4,27.805
용담,3001110,2026-05-26 06:00:00,9.934,250.76,0.0,402.526,49.4,27.795
용담,3001110,2026-05-26 07:00:00,2.334,250.76,0.0,402.434,49.4,27.806
용담,3001110,2026-05-26 08:00:00,20.142,250.75,0.0,402.406,49.4,27.809
용담,3001110,2026-05-26 09:00:00,10.237,250.75,0.0,402.342,49.4,28.07
용담,3001110,2026-05-26 10:00:00,13.838,250.75,0.0,402.292,49.4,27.838
용담,3001110,2026-05-26 11:00:00,15.103,250.75,0.0,402.246,49.4,27.853
용담,3001110,2026-05-26 12:00:00,2.381,250.74,0.0,402.154,49.3,27.853
용담,3001110,2026-05-26 13:00:00,15.098,250.74,0.0,402.108,49.3,27.848
용담,3001110,2026-05-26 14:00:00,22.699,250.74,0.0,402.09,49.3,27.81
용담,3001110,2026-05-26 15:00:00,0.0,250.73,0.0,401.929,49.3,27.665
용담,3001110,2026-05-26 16:00:00,19.566,250.73,0.0,401.9,49.3,27.844
용담,3001110,2026-05-26 17:00:00,0.0,250.73,0.0,401.792,49.3,27.812
용담,3001110,2026-05-26 18:00:00,27.801,250.73,0.0,401.792,49.3,27.801
용담,3001110,2026-05-26 19:00:00,2.331,250.72,0.0,401.7,49.3,27.775
용담,3001110,2026-05-26 20:00:00,13.132,250.72,1.2,401.648,49.3,27.771
용담,3001110,2026-05-26 21:00:00,10.586,250.72,2.2,401.586,49.3,27.78
용담,3001110,2026-05-26 22:00:00,2.337,250.71,0.7,401.494,49.3,27.781
용담,3001110,2026-05-26 23:00:00,15.028,250.71,0.0,401.448,49.3,27.778
용담,3001110,2026-05-27 00:00:00,19.523,250.71,0.0,401.418,49.3,27.773
용담,3001110,2026-05-27 01:00:00,11.859,250.71,0.4,401.361,49.3,27.776
용담,3001110,2026-05-27 02:00:00,20.153,250.71,0.1,401.334,49.2,27.792
용담,3001110,2026-05-27 03:00:00,15.064,250.71,0.0,401.288,49.2,27.786
용담,3001110,2026-05-27 04:00:00,2.347,250.7,0.0,401.196,49.2,27.791
용담,3001110,2026-05-27 05:00:00,12.553,250.7,0.0,401.141,49.2,27.803
용담,3001110,2026-05-27 06:00:00,9.997,250.7,0.0,401.077,49.2,27.803
용담,3001110,2026-05-27 07:00:00,8.698,250.69,0.0,401.009,49.2,27.781
용담,3001110,2026-05-27 08:00:00,9.992,250.69,0.0,400.944,49.2,27.798
용담,3001110,2026-05-27 09:00:00,15.082,250.69,0.0,400.899,49.2,27.804
용담,3001110,2026-05-27 10:00:00,2.355,250.68,0.0,400.807,49.2,27.772
대청,3008110,2026-05-24 10:00:00,92.78,71.58,0.0,898.532,60.3,123.53
대청,3008110,2026-05-24 11:00:00,94.324,71.59,0.0,898.754,60.3,32.796
대청,3008110,2026-05-24 12:00:00,31.723,71.58,0.0,898.422,60.3,124.001
대청,3008110,2026-05-24 13:00:00,0.0,71.57,0.0,897.924,60.3,125.781
대청,3008110,2026-05-24 14:00:00,0.0,71.57,0.0,897.702,60.3,16.665
대청,3008110,2026-05-24 15:00:00,139.865,71.58,0.0,898.145,60.3,16.921
대청,3008110,2026-05-24 16:00:00,47.581,71.58,0.0,898.256,60.3,16.831
대청,3008110,2026-05-24 17:00:00,0.0,71.57,0.0,897.979,60.3,16.966
대청,3008110,2026-05-24 18:00:00,46.807,71.57,0.0,898.09,60.3,16.057
대청,3008110,2026-05-24 19:00:00,114.167,71.58,0.0,898.444,60.3,15.778
대청,3008110,2026-05-24 20:00:00,20.92,71.58,0.0,898.461,60.3,16.309
대청,3008110,2026-05-24 21:00:00,8.236,71.57,0.0,898.04,60.3,125.069
대청,3008110,2026-05-24 22:00:00,57.073,71.57,0.0,898.034,60.3,58.601
대청,3008110,2026-05-24 23:00:00,154.446,71.58,0.0,898.532,60.3,16.113
대청,3008110,2026-05-25 00:00:00,0.814,71.58,0.0,898.477,60.3,16.175
대청,3008110,2026-05-25 01:00:00,0.0,71.58,0.0,898.366,60.3,16.306
대청,3008110,2026-05-25 02:00:00,31.473,71.58,0.0,898.422,60.3,16.112
대청,3008110,2026-05-25 03:00:00,108.566,71.59,0.0,898.754,60.3,16.288
대청,3008110,2026-05-25 04:00:00,31.932,71.59,0.0,898.809,60.3,16.571
대청,3008110,2026-05-25 05:00:00,0.0,71.58,0.0,898.643,60.3,16.848
대청,3008110,2026-05-25 06:00:00,16.839,71.58,0.0,898.643,60.3,16.839
대청,3008110,2026-05-25 07:00:00,124.871,71.59,0.0,899.031,60.3,17.204
대청,3008110,2026-05-25 08:00:00,78.461,71.6,0.0,899.252,60.4,16.933
대청,3008110,2026-05-25 09:00:00,0.0,71.59,0.0,899.086,60.3,16.889
대청,3008110,2026-05-25 10:00:00,17.879,71.59,0.0,898.699,60.3,125.546
대청,3008110,2026-05-25 11:00:00,110.093,71.58,0.0,898.643,60.3,125.482
대청,3008110,2026-05-25 12:00:00,36.83,71.58,0.0,898.588,60.3,52.191
대청,3008110,2026-05-25 13:00:00,62.024,71.59,0.0,898.754,60.3,15.885
대청,3008110,2026-05-25 14:00:00,0.0,71.58,0.0,898.422,60.3,16.453
대청,3008110,2026-05-25 15:00:00,32.102,71.58,0.0,898.477,60.3,16.713
대청,3008110,2026-05-25 16:00:00,108.98,71.59,0.0,898.809,60.3,16.73
대청,3008110,2026-05-25 17:00:00,32.366,71.59,0.0,898.865,60.3,16.977
대청,3008110,2026-05-25 18:00:00,0.0,71.59,0.0,898.699,60.3,16.65
대청,3008110,2026-05-25 19:00:00,47.619,71.59,0.0,898.809,60.3,16.869
대청,3008110,2026-05-25 20:00:00,0.0,71.57,0.0,898.117,60.3,71.128
대청,3008110,2026-05-25 21:00:00,266.067,71.58,0.0,898.632,60.3,123.095
대청,3008110,2026-05-25 22:00:00,47.926,71.58,0.0,898.483,60.3,89.454
대청,3008110,2026-05-25 23:00:00,43.421,71.58,0.0,898.588,60.3,14.199
대청,3008110,2026-05-26 00:00:00,14.429,71.58,0.0,898.588,60.3,14.429
대청,3008110,2026-05-26 01:00:00,14.187,71.58,0.0,898.588,60.3,14.187
대청,3008110,2026-05-26 02:00:00,45.177,71.59,0.0,898.699,60.3,14.427
대청,3008110,2026-05-26 03:00:00,75.737,71.59,0.0,898.92,60.3,14.237
대청,3008110,2026-05-26 04:00:00,60.387,71.59,0.0,899.086,60.3,14.22
대청,3008110,2026-05-26 05:00:00,0.0,71.59,0.0,899.031,60.3,14.216
대청,3008110,2026-05-26 06:00:00,0.0,71.58,0.0,898.588,60.3,122.689
대청,3008110,2026-05-26 07:00:00,84.305,71.58,0.0,898.449,60.3,122.749
대청,3008110,2026-05-26 08:00:00,52.697,71.58,0.0,898.588,60.3,14.253
대청,3008110,2026-05-26 09:00:00,0.0,71.58,0.0,898.51,60.3,14.292
대청,3008110,2026-05-26 10:00:00,0.0,71.58,0.0,898.422,60.3,14.29
대청,3008110,2026-05-26 11:00:00,29.915,71.58,0.0,898.477,60.3,14.526
대청,3008110,2026-05-26 12:00:00,121.903,71.59,0.0,898.865,60.3,14.264
대청,3008110,2026-05-26 13:00:00,0.0,71.59,0.0,898.809,60.3,14.237
대청,3008110,2026-05-26 14:00:00,0.0,71.58,0.0,898.588,60.3,14.166
대청,3008110,2026-05-26 15:00:00,0.0,71.58,0.0,898.156,60.3,101.517
대청,3008110,2026-05-26 16:00:00,234.973,71.58,0.0,898.56,60.3,122.751
대청,3008110,2026-05-26 17:00:00,0.0,71.58,0.0,898.477,60.3,13.699
대청,3008110,2026-05-26 18:00:00,0.0,71.58,0.0,898.422,60.3,13.691
대청,3008110,2026-05-26 19:00:00,0.0,71.57,0.0,898.128,60.3,14.54
대청,3008110,2026-05-26 20:00:00,128.289,71.58,0.0,898.532,60.3,16.067
대청,3008110,2026-05-26 21:00:00,91.266,71.58,0.1,898.51,60.3,97.405
대청,3008110,2026-05-26 22:00:00,0.0,71.58,0.1,898.427,60.3,16.481
대청,3008110,2026-05-26 23:00:00,16.997,71.58,0.1,898.427,60.3,16.997
대청,3008110,2026-05-27 00:00:00,61.603,71.58,0.0,898.588,60.3,17.02
대청,3008110,2026-05-27 01:00:00,32.338,71.58,0.1,898.643,60.3,16.977
대청,3008110,2026-05-27 02:00:00,78.709,71.59,0.1,898.865,60.3,17.181
대청,3008110,2026-05-27 03:00:00,32.3,71.59,0.3,898.92,60.3,16.939
대청,3008110,2026-05-27 04:00:00,16.974,71.59,0.6,898.92,60.3,16.974
대청,3008110,2026-05-27 05:00:00,1.579,71.59,0.6,898.865,60.3,16.94
대청,3008110,2026-05-27 06:00:00,93.894,71.59,0.4,899.141,60.4,17.005
대청,3008110,2026-05-27 07:00:00,17.334,71.59,0.7,899.141,60.4,17.334
대청,3008110,2026-05-27 08:00:00,49.06,71.59,0.4,898.865,60.3,125.949
대청,3008110,2026-05-27 09:00:00,143.11,71.59,0.5,898.92,60.3,127.749
대청,3008110,2026-05-27 10:00:00,47.805,71.59,0.4,899.031,60.3,17.027
보령,3203110,2026-05-24 10:00:00,3.643,64.12,0.0,43.383,37.1,3.643
보령,3203110,2026-05-24 11:00:00,4.562,64.12,0.0,43.387,37.1,3.534
보령,3203110,2026-05-24 12:00:00,3.756,64.12,0.0,43.387,37.1,3.756
보령,3203110,2026-05-24 13:00:00,3.975,64.12,0.0,43.387,37.1,3.975
보령,3203110,2026-05-24 14:00:00,5.029,64.12,0.0,43.39,37.1,3.973
보령,3203110,2026-05-24 15:00:00,3.968,64.12,0.0,43.39,37.1,3.968
보령,3203110,2026-05-24 16:00:00,4.008,64.12,0.0,43.39,37.1,4.008
보령,3203110,2026-05-24 17:00:00,3.114,64.12,0.0,43.387,37.1,4.17
보령,3203110,2026-05-24 18:00:00,4.17,64.12,0.0,43.387,37.1,4.17
보령,3203110,2026-05-24 19:00:00,4.17,64.12,0.0,43.387,37.1,4.17
보령,3203110,2026-05-24 20:00:00,4.166,64.12,0.0,43.387,37.1,4.166
보령,3203110,2026-05-24 21:00:00,3.958,64.12,0.0,43.387,37.1,3.958
보령,3203110,2026-05-24 22:00:00,3.956,64.12,0.0,43.387,37.1,3.956
보령,3203110,2026-05-24 23:00:00,3.953,64.12,0.0,43.387,37.1,3.953
보령,3203110,2026-05-25 00:00:00,3.931,64.12,0.0,43.387,37.1,3.931
보령,3203110,2026-05-25 01:00:00,3.834,64.12,0.0,43.387,37.1,3.834
보령,3203110,2026-05-25 02:00:00,3.955,64.12,0.0,43.387,37.1,3.955
보령,3203110,2026-05-25 03:00:00,4.154,64.12,0.0,43.387,37.1,4.154
보령,3203110,2026-05-25 04:00:00,3.138,64.12,0.0,43.383,37.1,4.166
보령,3203110,2026-05-25 05:00:00,3.953,64.12,0.0,43.383,37.1,3.953
보령,3203110,2026-05-25 06:00:00,2.918,64.12,0.0,43.379,37.1,3.946
보령,3203110,2026-05-25 07:00:00,3.357,64.12,0.0,43.378,37.1,3.579
보령,3203110,2026-05-25 08:00:00,1.599,64.12,0.0,43.372,37.1,3.46
보령,3203110,2026-05-25 09:00:00,2.44,64.12,0.0,43.368,37.1,3.468
보령,3203110,2026-05-25 10:00:00,3.575,64.12,0.0,43.368,37.1,3.575
보령,3203110,2026-05-25 11:00:00,3.762,64.12,0.0,43.368,37.1,3.873
보령,3203110,2026-05-25 12:00:00,3.283,64.12,0.0,43.364,37.1,4.2
보령,3203110,2026-05-25 13:00:00,3.338,64.11,0.0,43.361,37.1,4.366
보령,3203110,2026-05-25 14:00:00,4.057,64.11,0.0,43.36,37.1,4.363
보령,3203110,2026-05-25 15:00:00,2.59,64.11,0.0,43.353,37.1,4.368
보령,3203110,2026-05-25 16:00:00,3.336,64.11,0.0,43.349,37.1,4.364
보령,3203110,2026-05-25 17:00:00,3.308,64.11,0.0,43.346,37.1,4.336
보령,3203110,2026-05-25 18:00:00,3.894,64.11,0.0,43.346,37.1,3.894
보령,3203110,2026-05-25 19:00:00,2.838,64.11,0.0,43.342,37.1,3.866
보령,3203110,2026-05-25 20:00:00,3.015,64.11,0.0,43.338,37.1,4.071
보령,3203110,2026-05-25 21:00:00,3.145,64.11,0.0,43.335,37.1,4.173
보령,3203110,2026-05-25 22:00:00,4.278,64.11,0.0,43.335,37.1,4.278
보령,3203110,2026-05-25 23:00:00,3.249,64.11,0.0,43.331,37.1,4.277
보령,3203110,2026-05-26 00:00:00,3.252,64.11,0.0,43.327,37.1,4.28
보령,3203110,2026-05-26 01:00:00,2.108,64.1,0.0,43.319,37.1,4.275
보령,3203110,2026-05-26 02:00:00,2.181,64.1,0.0,43.312,37.1,4.153
보령,3203110,2026-05-26 03:00:00,3.935,64.1,0.0,43.312,37.1,3.935
보령,3203110,2026-05-26 04:00:00,2.91,64.1,0.0,43.309,37.1,3.938
보령,3203110,2026-05-26 05:00:00,3.939,64.1,0.0,43.309,37.1,3.939
보령,3203110,2026-05-26 06:00:00,2.82,64.1,0.0,43.305,37.0,3.848
보령,3203110,2026-05-26 07:00:00,0.6,64.1,0.0,43.294,37.0,3.711
보령,3203110,2026-05-26 08:00:00,1.662,64.09,0.0,43.286,37.0,3.718
보령,3203110,2026-05-26 09:00:00,3.718,64.09,0.0,43.286,37.0,3.718
보령,3203110,2026-05-26 10:00:00,2.741,64.09,0.0,43.282,37.0,3.774
보령,3203110,2026-05-26 11:00:00,2.046,64.09,0.0,43.275,37.0,4.102
보령,3203110,2026-05-26 12:00:00,2.05,64.09,0.0,43.267,37.0,4.217
보령,3203110,2026-05-26 13:00:00,1.998,64.09,0.0,43.26,37.0,3.97
보령,3203110,2026-05-26 14:00:00,3.107,64.09,0.0,43.256,37.0,4.135
보령,3203110,2026-05-26 15:00:00,1.029,64.08,0.0,43.245,37.0,4.14
보령,3203110,2026-05-26 16:00:00,1.941,64.08,0.0,43.238,37.0,3.997
보령,3203110,2026-05-26 17:00:00,0.549,64.08,0.0,43.227,37.0,3.632
보령,3203110,2026-05-26 18:00:00,2.409,64.08,0.0,43.223,37.0,3.465
보령,3203110,2026-05-26 19:00:00,2.17,64.08,0.0,43.216,37.0,4.226
보령,3203110,2026-05-26 20:00:00,3.46,64.07,0.0,43.212,37.0,4.488
보령,3203110,2026-05-26 21:00:00,3.457,64.07,0.0,43.208,37.0,4.485
보령,3203110,2026-05-26 22:00:00,2.411,64.07,0.0,43.201,37.0,4.494
보령,3203110,2026-05-26 23:00:00,4.071,64.07,0.0,43.199,37.0,4.488
보령,3203110,2026-05-27 00:00:00,2.847,64.07,0.0,43.193,37.0,4.486
보령,3203110,2026-05-27 01:00:00,3.224,64.07,0.0,43.19,37.0,4.252
보령,3203110,2026-05-27 02:00:00,1.67,64.07,0.0,43.182,36.9,3.726
보령,3203110,2026-05-27 03:00:00,0.361,64.06,0.0,43.171,36.9,3.472
보령,3203110,2026-05-27 04:00:00,4.657,64.06,1.1,43.175,36.9,3.629
보령,3203110,2026-05-27 05:00:00,2.607,64.06,1.1,43.171,36.9,3.635
보령,3203110,2026-05-27 06:00:00,1.9,64.06,0.0,43.164,36.9,3.956
보령,3203110,2026-05-27 07:00:00,2.043,64.06,0.0,43.156,36.9,4.015
보령,3203110,2026-05-27 08:00:00,3.923,64.06,0.0,43.156,36.9,4.034
보령,3203110,2026-05-27 09:00:00,4.14,64.06,0.0,43.156,36.9,4.223
보령,3203110,2026-05-27 10:00:00,2.422,64.06,0.0,43.149,36.9,4.394
부안,3303110,2026-05-24 10:00:00,0.865,38.95,0.0,35.338,70.3,1.559
부안,3303110,2026-05-24 11:00:00,0.0,38.95,0.0,35.325,70.2,1.567
부안,3303110,2026-05-24 12:00:00,0.872,38.95,0.0,35.323,70.2,1.566
부안,3303110,2026-05-24 13:00:00,0.784,38.94,0.0,35.32,70.2,1.562
부안,3303110,2026-05-24 14:00:00,0.256,38.94,0.0,35.315,70.2,1.562
부안,3303110,2026-05-24 15:00:00,0.174,38.94,0.0,35.31,70.2,1.563
부안,3303110,2026-05-24 16:00:00,0.837,38.94,0.0,35.308,70.2,1.531
부안,3303110,2026-05-24 17:00:00,1.04,38.94,0.0,35.306,70.2,1.457
부안,3303110,2026-05-24 18:00:00,1.151,38.94,0.0,35.305,70.2,1.429
부안,3303110,2026-05-24 19:00:00,1.346,38.94,0.0,35.305,70.2,1.429
부안,3303110,2026-05-24 20:00:00,0.175,38.94,0.0,35.3,70.2,1.425
부안,3303110,2026-05-24 21:00:00,0.732,38.94,0.0,35.298,70.2,1.426
부안,3303110,2026-05-24 22:00:00,0.674,38.94,0.0,35.295,70.2,1.424
부안,3303110,2026-05-24 23:00:00,0.75,38.93,0.0,35.293,70.2,1.444
부안,3303110,2026-05-25 00:00:00,1.394,38.93,0.0,35.292,70.2,1.477
부안,3303110,2026-05-25 01:00:00,0.209,38.93,0.0,35.288,70.2,1.515
부안,3303110,2026-05-25 02:00:00,0.14,38.93,0.0,35.283,70.2,1.529
부안,3303110,2026-05-25 03:00:00,0.0,38.93,0.0,35.277,70.1,1.559
부안,3303110,2026-05-25 04:00:00,1.143,38.93,0.0,35.275,70.1,1.56
부안,3303110,2026-05-25 05:00:00,0.167,38.93,0.0,35.27,70.1,1.556
부안,3303110,2026-05-25 06:00:00,0.862,38.92,0.0,35.268,70.1,1.556
부안,3303110,2026-05-25 07:00:00,0.864,38.92,0.0,35.265,70.1,1.558
부안,3303110,2026-05-25 08:00:00,0.173,38.92,0.0,35.26,70.1,1.562
부안,3303110,2026-05-25 09:00:00,0.17,38.92,0.0,35.255,70.1,1.559
부안,3303110,2026-05-25 10:00:00,0.165,38.92,0.0,35.25,70.1,1.554
부안,3303110,2026-05-25 11:00:00,0.176,38.92,0.0,35.245,70.1,1.565
부안,3303110,2026-05-25 12:00:00,0.867,38.91,0.0,35.243,70.1,1.561
부안,3303110,2026-05-25 13:00:00,0.171,38.91,0.0,35.238,70.1,1.56
부안,3303110,2026-05-25 14:00:00,0.817,38.91,0.0,35.235,70.1,1.567
부안,3303110,2026-05-25 15:00:00,0.925,38.91,0.0,35.233,70.1,1.564
부안,3303110,2026-05-25 16:00:00,0.0,38.91,0.0,35.226,70.0,1.558
부안,3303110,2026-05-25 17:00:00,0.731,38.91,0.0,35.223,70.0,1.564
부안,3303110,2026-05-25 18:00:00,0.031,38.9,0.0,35.217,70.0,1.559
부안,3303110,2026-05-25 19:00:00,0.957,38.9,0.0,35.215,70.0,1.568
부안,3303110,2026-05-25 20:00:00,0.091,38.9,0.0,35.21,70.0,1.563
부안,3303110,2026-05-25 21:00:00,0.365,38.9,0.0,35.206,70.0,1.532
부안,3303110,2026-05-25 22:00:00,0.965,38.9,0.0,35.204,70.0,1.521
부안,3303110,2026-05-25 23:00:00,0.552,38.9,0.0,35.2,70.0,1.524
부안,3303110,2026-05-26 00:00:00,0.823,38.9,0.0,35.198,70.0,1.517
부안,3303110,2026-05-26 01:00:00,0.167,38.89,0.0,35.193,70.0,1.556
부안,3303110,2026-05-26 02:00:00,0.186,38.89,0.0,35.188,70.0,1.575
부안,3303110,2026-05-26 03:00:00,0.881,38.89,0.0,35.185,70.0,1.575
부안,3303110,2026-05-26 04:00:00,0.0,38.89,0.0,35.179,69.9,1.568
부안,3303110,2026-05-26 05:00:00,0.0,38.89,0.0,35.17,69.9,1.57
부안,3303110,2026-05-26 06:00:00,1.353,38.88,0.0,35.169,69.9,1.575
부안,3303110,2026-05-26 07:00:00,0.407,38.88,0.0,35.165,69.9,1.574
부안,3303110,2026-05-26 08:00:00,0.88,38.88,0.0,35.163,69.9,1.574
부안,3303110,2026-05-26 09:00:00,0.876,38.88,0.0,35.16,69.9,1.57
부안,3303110,2026-05-26 10:00:00,0.176,38.88,0.0,35.155,69.9,1.565
부안,3303110,2026-05-26 11:00:00,0.456,38.88,0.0,35.151,69.9,1.567
부안,3303110,2026-05-26 12:00:00,0.0,38.87,0.0,35.143,69.9,1.569
부안,3303110,2026-05-26 13:00:00,0.802,38.87,0.0,35.14,69.9,1.58
부안,3303110,2026-05-26 14:00:00,0.076,38.87,0.0,35.135,69.9,1.576
부안,3303110,2026-05-26 15:00:00,0.314,38.87,0.0,35.131,69.8,1.37
부안,3303110,2026-05-26 16:00:00,0.201,38.87,0.0,35.128,69.8,1.09
부안,3303110,2026-05-26 17:00:00,0.0,38.87,0.0,35.123,69.8,1.094
부안,3303110,2026-05-26 18:00:00,0.481,38.87,0.0,35.121,69.8,1.092
부안,3303110,2026-05-26 19:00:00,1.011,38.87,0.0,35.12,69.8,1.094
부안,3303110,2026-05-26 20:00:00,0.953,38.86,0.0,35.12,69.8,1.092
부안,3303110,2026-05-26 21:00:00,0.0,38.86,0.0,35.115,69.8,1.092
부안,3303110,2026-05-26 22:00:00,0.343,38.86,0.0,35.113,69.8,1.093
부안,3303110,2026-05-26 23:00:00,0.0,38.86,0.0,35.108,69.8,1.091
부안,3303110,2026-05-27 00:00:00,1.087,38.86,0.0,35.108,69.8,1.087
부안,3303110,2026-05-27 01:00:00,0.415,38.86,0.0,35.105,69.8,1.082
부안,3303110,2026-05-27 02:00:00,0.0,38.86,0.0,35.1,69.8,1.086
부안,3303110,2026-05-27 03:00:00,0.0,38.86,0.0,35.095,69.8,1.097
부안,3303110,2026-05-27 04:00:00,1.092,38.86,0.0,35.095,69.8,1.092
부안,3303110,2026-05-27 05:00:00,0.394,38.85,0.0,35.093,69.8,1.088
부안,3303110,2026-05-27 06:00:00,0.393,38.85,0.0,35.09,69.8,1.087
부안,3303110,2026-05-27 07:00:00,1.092,38.85,0.0,35.09,69.8,1.092
부안,3303110,2026-05-27 08:00:00,1.089,38.85,0.0,35.09,69.8,1.089
부안,3303110,2026-05-27 09:00:00,0.0,38.85,0.0,35.085,69.8,1.088
부안,3303110,2026-05-27 10:00:00,0.392,38.85,0.0,35.083,69.8,1.086
섬진강,4001110,2026-05-24 10:00:00,0.0,185.13,0.0,212.989,45.7,35.494
섬진강,4001110,2026-05-24 11:00:00,9.812,185.12,0.0,212.897,45.7,35.479
섬진강,4001110,2026-05-24 12:00:00,5.528,185.11,0.0,212.789,45.7,35.445
섬진강,4001110,2026-05-24 13:00:00,14.063,185.11,0.0,212.712,45.7,35.452
섬진강,4001110,2026-05-24 14:00:00,26.057,185.1,0.0,212.678,45.6,35.446
섬진강,4001110,2026-05-24 15:00:00,2.128,185.1,0.0,212.558,45.6,35.461
섬진강,4001110,2026-05-24 16:00:00,1.245,185.09,0.0,212.435,45.6,35.439
섬진강,4001110,2026-05-24 17:00:00,1.278,185.08,0.0,212.312,45.6,35.445
섬진강,4001110,2026-05-24 18:00:00,5.581,185.07,0.0,212.205,45.5,35.442
섬진강,4001110,2026-05-24 19:00:00,9.859,185.07,0.0,212.113,45.5,35.47
섬진강,4001110,2026-05-24 20:00:00,18.41,185.06,0.0,212.051,45.5,35.466
섬진강,4001110,2026-05-24 21:00:00,0.0,185.06,0.0,211.913,45.5,35.467
섬진강,4001110,2026-05-24 22:00:00,0.0,185.05,0.0,211.775,45.5,35.47
섬진강,4001110,2026-05-24 23:00:00,7.316,185.04,0.0,211.674,45.4,35.455
섬진강,4001110,2026-05-25 00:00:00,20.983,185.04,0.0,211.622,45.4,35.455
섬진강,4001110,2026-05-25 01:00:00,0.0,185.03,0.0,211.484,45.4,35.463
섬진강,4001110,2026-05-25 02:00:00,1.373,185.02,0.0,211.361,45.4,35.456
섬진강,4001110,2026-05-25 03:00:00,5.669,185.01,0.0,211.254,45.3,35.447
섬진강,4001110,2026-05-25 04:00:00,5.687,185.01,0.0,211.146,45.3,35.465
섬진강,4001110,2026-05-25 05:00:00,1.426,185.0,0.0,211.024,45.3,35.454
섬진강,4001110,2026-05-25 06:00:00,1.002,184.99,0.0,210.9,45.3,35.446
섬진강,4001110,2026-05-25 07:00:00,6.163,184.98,0.0,210.794,45.2,35.469
섬진강,4001110,2026-05-25 08:00:00,1.059,184.97,0.2,210.671,45.2,35.476
섬진강,4001110,2026-05-25 09:00:00,17.66,184.97,0.0,210.606,45.2,35.493
섬진강,4001110,2026-05-25 10:00:00,5.781,184.96,0.0,210.499,45.2,35.503
섬진강,4001110,2026-05-25 11:00:00,5.369,184.96,0.0,210.391,45.2,35.508
섬진강,4001110,2026-05-25 12:00:00,0.0,184.95,0.0,210.258,45.1,35.508
섬진강,4001110,2026-05-25 13:00:00,2.009,184.94,0.0,210.137,45.1,35.509
섬진강,4001110,2026-05-25 14:00:00,13.454,184.93,0.0,210.058,45.1,35.51
섬진강,4001110,2026-05-25 15:00:00,18.134,184.93,0.0,209.995,45.1,35.495
섬진강,4001110,2026-05-25 16:00:00,0.0,184.92,0.0,209.82,45.0,35.51
섬진강,4001110,2026-05-25 17:00:00,26.171,184.92,0.0,209.786,45.0,35.504
섬진강,4001110,2026-05-25 18:00:00,1.648,184.91,0.0,209.665,45.0,35.509
섬진강,4001110,2026-05-25 19:00:00,0.0,184.9,0.0,209.527,45.0,35.514
섬진강,4001110,2026-05-25 20:00:00,0.0,184.89,0.0,209.374,44.9,35.484
섬진강,4001110,2026-05-25 21:00:00,23.213,184.89,0.0,209.329,44.9,35.491
섬진강,4001110,2026-05-25 22:00:00,0.0,184.88,0.0,209.162,44.9,35.423
섬진강,4001110,2026-05-25 23:00:00,21.389,184.87,0.0,209.147,44.9,25.611
섬진강,4001110,2026-05-26 00:00:00,0.0,184.87,0.0,209.03,44.9,25.152
섬진강,4001110,2026-05-26 01:00:00,0.0,184.86,0.0,208.916,44.8,25.153
섬진강,4001110,2026-05-26 02:00:00,8.963,184.86,0.0,208.858,44.8,25.019
섬진강,4001110,2026-05-26 03:00:00,0.0,184.85,0.0,208.754,44.8,25.012
섬진강,4001110,2026-05-26 04:00:00,7.294,184.84,0.0,208.691,44.8,25.016
섬진강,4001110,2026-05-26 05:00:00,0.0,184.84,0.0,208.584,44.8,25.013
섬진강,4001110,2026-05-26 06:00:00,33.878,184.84,0.0,208.616,44.8,25.017
섬진강,4001110,2026-05-26 07:00:00,0.0,184.83,0.0,208.499,44.7,25.014
섬진강,4001110,2026-05-26 08:00:00,10.692,184.83,0.0,208.448,44.7,25.025
섬진강,4001110,2026-05-26 09:00:00,0.0,184.82,0.0,208.356,44.7,25.027
섬진강,4001110,2026-05-26 10:00:00,10.274,184.82,0.0,208.303,44.7,25.024
섬진강,4001110,2026-05-26 11:00:00,6.054,184.81,0.0,208.235,44.7,25.026
섬진강,4001110,2026-05-26 12:00:00,20.398,184.81,0.0,208.218,44.7,25.037
섬진강,4001110,2026-05-26 13:00:00,0.0,184.81,0.0,208.1,44.7,25.041
섬진강,4001110,2026-05-26 14:00:00,0.0,184.8,0.0,207.967,44.6,25.041
섬진강,4001110,2026-05-26 15:00:00,26.703,184.8,0.0,207.973,44.6,25.036
섬진강,4001110,2026-05-26 16:00:00,0.0,184.78,0.0,207.78,44.6,25.04
섬진강,4001110,2026-05-26 17:00:00,3.998,184.78,0.0,207.704,44.6,25.054
섬진강,4001110,2026-05-26 18:00:00,0.0,184.77,0.0,207.614,44.6,25.037
섬진강,4001110,2026-05-26 19:00:00,10.306,184.77,0.0,207.561,44.5,25.028
섬진강,4001110,2026-05-26 20:00:00,18.713,184.77,0.0,207.538,44.5,25.019
섬진강,4001110,2026-05-26 21:00:00,8.183,184.76,0.9,207.477,44.5,25.016
섬진강,4001110,2026-05-26 22:00:00,4.442,184.76,0.0,207.403,44.5,25.025
섬진강,4001110,2026-05-26 23:00:00,28.796,184.76,0.0,207.417,44.5,25.018
섬진강,4001110,2026-05-27 00:00:00,0.0,184.75,0.0,207.22,44.5,25.026
섬진강,4001110,2026-05-27 01:00:00,0.0,184.74,0.0,207.129,44.5,25.017
섬진강,4001110,2026-05-27 02:00:00,15.758,184.74,0.0,207.096,44.4,25.008
섬진강,4001110,2026-05-27 03:00:00,21.666,184.74,0.0,207.084,44.4,25.027
섬진강,4001110,2026-05-27 04:00:00,0.0,184.73,0.0,206.945,44.4,25.019
섬진강,4001110,2026-05-27 05:00:00,13.262,184.73,0.0,206.903,44.4,25.012
섬진강,4001110,2026-05-27 06:00:00,8.241,184.72,0.0,206.842,44.4,25.019
섬진강,4001110,2026-05-27 07:00:00,4.05,184.72,0.0,206.767,44.4,25.022
섬진강,4001110,2026-05-27 08:00:00,13.285,184.71,0.0,206.725,44.4,25.035
섬진강,4001110,2026-05-27 09:00:00,3.227,184.71,0.0,206.646,44.3,25.033
섬진강,4001110,2026-05-27 10:00:00,12.052,184.71,0.0,206.599,44.3,25.052
주암(본),4007110,2026-05-24 10:00:00,20.553,101.94,0.0,258.091,56.5,18.386
주암(본),4007110,2026-05-24 11:00:00,0.0,101.93,0.0,257.966,56.5,18.153
주암(본),4007110,2026-05-24 12:00:00,29.925,101.93,0.0,258.014,56.5,16.508
주암(본),4007110,2026-05-24 13:00:00,0.0,101.93,0.0,257.898,56.4,16.494
주암(본),4007110,2026-05-24 14:00:00,0.0,101.92,0.0,257.832,56.4,16.531
주암(본),4007110,2026-05-24 15:00:00,9.547,101.92,0.0,257.802,56.4,18.13
주암(본),4007110,2026-05-24 16:00:00,0.0,101.92,0.0,257.688,56.4,18.388
주암(본),4007110,2026-05-24 17:00:00,23.205,101.92,0.0,257.705,56.4,18.399
주암(본),4007110,2026-05-24 18:00:00,2.886,101.92,0.0,257.649,56.4,18.414
주암(본),4007110,2026-05-24 19:00:00,44.686,101.92,0.0,257.744,56.4,18.436
주암(본),4007110,2026-05-24 20:00:00,0.0,101.91,0.0,257.609,56.4,18.456
주암(본),4007110,2026-05-24 21:00:00,17.412,101.91,0.0,257.605,56.4,18.468
주암(본),4007110,2026-05-24 22:00:00,22.759,101.91,0.0,257.62,56.4,18.481
주암(본),4007110,2026-05-24 23:00:00,16.886,101.91,0.0,257.615,56.4,18.497
주암(본),4007110,2026-05-25 00:00:00,0.843,101.91,0.0,257.551,56.4,18.51
주암(본),4007110,2026-05-25 01:00:00,0.0,101.91,0.0,257.468,56.3,18.517
주암(본),4007110,2026-05-25 02:00:00,20.136,101.91,0.0,257.474,56.3,18.525
주암(본),4007110,2026-05-25 03:00:00,2.481,101.9,0.0,257.416,56.3,18.537
주암(본),4007110,2026-05-25 04:00:00,9.993,101.9,0.0,257.385,56.3,18.549
주암(본),4007110,2026-05-25 05:00:00,0.0,101.9,0.0,257.279,56.3,18.556
주암(본),4007110,2026-05-25 06:00:00,8.403,101.89,0.0,257.243,56.3,18.57
주암(본),4007110,2026-05-25 07:00:00,17.518,101.89,0.0,257.239,56.3,18.574
주암(본),4007110,2026-05-25 08:00:00,2.53,101.89,0.0,257.181,56.3,18.586
주암(본),4007110,2026-05-25 09:00:00,14.326,101.89,0.0,257.166,56.3,18.604
주암(본),4007110,2026-05-25 10:00:00,0.0,101.88,0.0,257.002,56.2,18.625
주암(본),4007110,2026-05-25 11:00:00,0.0,101.87,0.0,256.858,56.2,18.617
주암(본),4007110,2026-05-25 12:00:00,48.012,101.88,0.0,256.964,56.2,18.623
주암(본),4007110,2026-05-25 13:00:00,0.0,101.87,0.0,256.814,56.2,18.651
주암(본),4007110,2026-05-25 14:00:00,26.125,101.87,0.0,256.84,56.2,18.653
주암(본),4007110,2026-05-25 15:00:00,0.0,101.87,0.0,256.754,56.2,18.669
주암(본),4007110,2026-05-25 16:00:00,0.0,101.86,0.0,256.679,56.2,18.679
주암(본),4007110,2026-05-25 17:00:00,1.605,101.86,0.0,256.617,56.2,18.688
주암(본),4007110,2026-05-25 18:00:00,11.232,101.86,0.0,256.591,56.2,18.704
주암(본),4007110,2026-05-25 19:00:00,17.105,101.86,0.0,256.585,56.2,18.716
주암(본),4007110,2026-05-25 20:00:00,30.479,101.86,0.0,256.627,56.2,18.729
주암(본),4007110,2026-05-25 21:00:00,13.412,101.86,0.0,256.608,56.2,18.745
주암(본),4007110,2026-05-25 22:00:00,4.332,101.86,0.0,256.556,56.1,18.749
주암(본),4007110,2026-05-25 23:00:00,51.865,101.86,0.0,256.675,56.2,18.754
주암(본),4007110,2026-05-26 00:00:00,48.131,101.87,0.0,256.781,56.2,18.77
주암(본),4007110,2026-05-26 01:00:00,81.321,101.88,0.0,257.006,56.2,18.793
주암(본),4007110,2026-05-26 02:00:00,42.34,101.89,0.0,257.091,56.3,18.812
주암(본),4007110,2026-05-26 03:00:00,45.025,101.89,0.0,257.185,56.3,18.831
주암(본),4007110,2026-05-26 04:00:00,46.653,101.9,0.0,257.285,56.3,18.847
주암(본),4007110,2026-05-26 05:00:00,44.559,101.9,0.0,257.378,56.3,18.865
주암(본),4007110,2026-05-26 06:00:00,31.716,101.9,0.0,257.424,56.3,18.883
주암(본),4007110,2026-05-26 07:00:00,31.21,101.91,0.0,257.468,56.3,18.904
주암(본),4007110,2026-05-26 08:00:00,42.477,101.91,0.0,257.553,56.4,18.921
주암(본),4007110,2026-05-26 09:00:00,22.689,101.91,0.0,257.566,56.4,18.939
주암(본),4007110,2026-05-26 10:00:00,24.841,101.91,0.0,257.588,56.4,18.952
주암(본),4007110,2026-05-26 11:00:00,20.05,101.91,0.0,257.591,56.4,18.967
주암(본),4007110,2026-05-26 12:00:00,43.589,101.92,0.0,257.68,56.4,18.978
주암(본),4007110,2026-05-26 13:00:00,12.579,101.92,0.0,257.657,56.4,18.996
주암(본),4007110,2026-05-26 14:00:00,38.812,101.92,0.0,257.728,56.4,19.006
주암(본),4007110,2026-05-26 15:00:00,0.0,101.92,0.3,257.647,56.4,19.031
주암(본),4007110,2026-05-26 16:00:00,32.429,101.92,0.4,257.696,56.4,19.04
주암(본),4007110,2026-05-26 17:00:00,13.69,101.92,0.4,257.676,56.4,19.051
주암(본),4007110,2026-05-26 18:00:00,25.473,101.92,2.4,257.699,56.4,19.056
주암(본),4007110,2026-05-26 19:00:00,12.112,101.92,0.8,257.674,56.4,19.056
주암(본),4007110,2026-05-26 20:00:00,41.544,101.92,1.2,257.755,56.4,19.072
주암(본),4007110,2026-05-26 21:00:00,0.0,101.92,2.2,257.647,56.4,19.084
주암(본),4007110,2026-05-26 22:00:00,20.131,101.92,2.5,257.651,56.4,19.075
주암(본),4007110,2026-05-26 23:00:00,47.471,101.92,4.3,257.753,56.4,19.082
주암(본),4007110,2026-05-27 00:00:00,19.632,101.92,2.4,257.755,56.4,19.104
주암(본),4007110,2026-05-27 01:00:00,31.448,101.92,2.1,257.8,56.4,19.115
주암(본),4007110,2026-05-27 02:00:00,25.013,101.92,0.3,257.821,56.4,19.124
주암(본),4007110,2026-05-27 03:00:00,12.721,101.92,0.2,257.798,56.4,19.138
주암(본),4007110,2026-05-27 04:00:00,20.203,101.92,0.0,257.802,56.4,19.147
주암(본),4007110,2026-05-27 05:00:00,10.045,101.92,0.3,257.769,56.4,19.156
주암(본),4007110,2026-05-27 06:00:00,17.577,101.92,0.1,257.763,56.4,19.16
주암(본),4007110,2026-05-27 07:00:00,10.051,101.92,0.5,257.73,56.4,19.162
주암(본),4007110,2026-05-27 08:00:00,22.92,101.92,0.2,257.744,56.4,19.17
주암(본),4007110,2026-05-27 09:00:00,13.835,101.92,0.0,257.724,56.4,19.196
주암(본),4007110,2026-05-27 10:00:00,28.322,101.92,0.1,257.757,56.4,19.211
주암(조),4104610,2026-05-24 10:00:00,13.496,96.3,0.0,137.423,55.0,34.024
주암(조),4104610,2026-05-24 11:00:00,15.531,96.29,0.0,137.358,54.9,33.614
주암(조),4104610,2026-05-24 12:00:00,71.631,96.33,0.0,137.616,55.1,0.0
주암(조),4104610,2026-05-24 13:00:00,9.718,96.34,0.0,137.649,55.1,0.357
주암(조),4104610,2026-05-24 14:00:00,0.0,96.28,0.0,137.34,54.9,34.48
주암(조),4104610,2026-05-24 15:00:00,14.133,96.27,0.0,137.26,54.9,36.439
주암(조),4104610,2026-05-24 16:00:00,15.411,96.25,0.0,137.184,54.9,36.494
주암(조),4104610,2026-05-24 17:00:00,12.451,96.24,0.0,137.097,54.8,36.534
주암(조),4104610,2026-05-24 18:00:00,15.887,96.22,0.0,137.023,54.8,36.526
주암(조),4104610,2026-05-24 19:00:00,14.155,96.21,0.0,136.943,54.8,36.544
주암(조),4104610,2026-05-24 20:00:00,13.378,96.19,0.0,136.859,54.7,36.545
주암(조),4104610,2026-05-24 21:00:00,17.768,96.18,0.0,136.791,54.7,36.574
주암(조),4104610,2026-05-24 22:00:00,13.302,96.17,0.0,136.708,54.7,36.58
주암(조),4104610,2026-05-24 23:00:00,11.346,96.15,0.0,136.617,54.7,36.596
주암(조),4104610,2026-05-25 00:00:00,20.248,96.14,0.0,136.558,54.6,36.609
주암(조),4104610,2026-05-25 01:00:00,23.045,96.13,0.0,136.518,54.6,33.989
주암(조),4104610,2026-05-25 02:00:00,12.222,96.12,0.0,136.441,54.6,33.833
주암(조),4104610,2026-05-25 03:00:00,16.717,96.11,0.0,136.379,54.6,33.828
주암(조),4104610,2026-05-25 04:00:00,14.935,96.09,0.0,136.311,54.5,33.824
주암(조),4104610,2026-05-25 05:00:00,13.521,96.08,0.0,136.238,54.5,33.91
주암(조),4104610,2026-05-25 06:00:00,15.091,96.07,0.0,136.169,54.5,34.147
주암(조),4104610,2026-05-25 07:00:00,14.243,96.05,0.0,136.097,54.4,34.16
주암(조),4104610,2026-05-25 08:00:00,16.141,96.04,0.0,136.033,54.4,34.113
주암(조),4104610,2026-05-25 09:00:00,13.45,96.03,0.0,135.958,54.4,34.117
주암(조),4104610,2026-05-25 10:00:00,14.525,96.01,0.0,135.887,54.4,34.275
주암(조),4104610,2026-05-25 11:00:00,13.547,96.0,0.0,135.812,54.3,34.491
주암(조),4104610,2026-05-25 12:00:00,16.63,95.99,0.0,135.747,54.3,34.574
주암(조),4104610,2026-05-25 13:00:00,16.537,95.98,0.0,135.683,54.3,34.481
주암(조),4104610,2026-05-25 14:00:00,14.92,95.96,0.0,135.613,54.3,34.198
주암(조),4104610,2026-05-25 15:00:00,15.16,95.95,0.0,135.545,54.2,33.993
주암(조),4104610,2026-05-25 16:00:00,15.349,95.94,0.0,135.478,54.2,34.016
주암(조),4104610,2026-05-25 17:00:00,14.827,95.93,0.0,135.409,54.2,33.938
주암(조),4104610,2026-05-25 18:00:00,14.172,95.91,0.0,135.338,54.1,33.894
주암(조),4104610,2026-05-25 19:00:00,13.881,95.9,0.0,135.266,54.1,33.853
주암(조),4104610,2026-05-25 20:00:00,17.437,95.89,0.0,135.207,54.1,33.854
주암(조),4104610,2026-05-25 21:00:00,15.054,95.88,0.0,135.14,54.1,33.86
주암(조),4104610,2026-05-25 22:00:00,14.325,95.86,0.0,135.069,54.0,33.853
주암(조),4104610,2026-05-25 23:00:00,15.573,95.85,0.0,135.003,54.0,33.879
주암(조),4104610,2026-05-26 00:00:00,13.584,95.84,0.0,134.93,54.0,33.862
주암(조),4104610,2026-05-26 01:00:00,15.239,95.82,0.0,134.863,54.0,33.85
주암(조),4104610,2026-05-26 02:00:00,15.262,95.81,0.0,134.796,53.9,33.873
주암(조),4104610,2026-05-26 03:00:00,13.148,95.8,0.0,134.721,53.9,33.981
주암(조),4104610,2026-05-26 04:00:00,14.721,95.78,0.0,134.652,53.9,34.054
주암(조),4104610,2026-05-26 05:00:00,15.755,95.77,0.0,134.586,53.8,34.061
주암(조),4104610,2026-05-26 06:00:00,16.676,95.76,0.0,134.523,53.8,34.065
주암(조),4104610,2026-05-26 07:00:00,12.402,95.75,0.0,134.445,53.8,34.096
주암(조),4104610,2026-05-26 08:00:00,13.11,95.73,0.0,134.37,53.8,34.054
주암(조),4104610,2026-05-26 09:00:00,14.99,95.72,0.0,134.299,53.7,34.74
주암(조),4104610,2026-05-26 10:00:00,18.542,95.71,0.0,134.243,53.7,34.153
주암(조),4104610,2026-05-26 11:00:00,10.457,95.69,0.0,134.157,53.7,34.346
주암(조),4104610,2026-05-26 12:00:00,17.335,95.68,0.0,134.095,53.6,34.557
주암(조),4104610,2026-05-26 13:00:00,17.609,95.67,0.0,134.036,53.6,33.915
주암(조),4104610,2026-05-26 14:00:00,13.285,95.66,0.0,133.963,53.6,33.591
주암(조),4104610,2026-05-26 15:00:00,17.752,95.64,0.0,133.906,53.6,33.474
주암(조),4104610,2026-05-26 16:00:00,14.44,95.63,0.0,133.838,53.5,33.412
주암(조),4104610,2026-05-26 17:00:00,17.214,95.62,0.1,133.78,53.5,33.353
주암(조),4104610,2026-05-26 18:00:00,23.263,95.61,7.7,133.744,53.5,33.319
주암(조),4104610,2026-05-26 19:00:00,22.902,95.61,3.9,133.706,53.5,33.291
주암(조),4104610,2026-05-26 20:00:00,18.894,95.6,1.9,133.654,53.5,33.255
주암(조),4104610,2026-05-26 21:00:00,19.18,95.59,4.3,133.604,53.4,33.236
주암(조),4104610,2026-05-26 22:00:00,18.727,95.58,2.1,133.552,53.4,33.227
주암(조),4104610,2026-05-26 23:00:00,22.579,95.57,2.1,133.513,53.4,33.218
주암(조),4104610,2026-05-27 00:00:00,18.719,95.56,0.1,133.461,53.4,33.219
주암(조),4104610,2026-05-27 01:00:00,16.852,95.55,2.1,133.4,53.4,33.852
주암(조),4104610,2026-05-27 02:00:00,21.314,95.54,1.1,133.355,53.3,33.87
주암(조),4104610,2026-05-27 03:00:00,19.066,95.53,0.0,133.301,53.3,33.872
주암(조),4104610,2026-05-27 04:00:00,17.642,95.52,0.0,133.243,53.3,33.892
주암(조),4104610,2026-05-27 05:00:00,18.836,95.51,0.0,133.189,53.3,33.892
주암(조),4104610,2026-05-27 06:00:00,19.446,95.5,1.0,133.137,53.3,33.918
주암(조),4104610,2026-05-27 07:00:00,18.393,95.49,0.9,133.081,53.2,33.893
주암(조),4104610,2026-05-27 08:00:00,18.116,95.48,0.0,133.024,53.2,33.894
주암(조),4104610,2026-05-27 09:00:00,17.948,95.47,0.0,132.967,53.2,33.892
주암(조),4104610,2026-05-27 10:00:00,17.731,95.46,0.0,132.908,53.2,33.953
장흥,5101110,2026-05-24 10:00:00,5.024,72.54,0.0,101.607,53.2,5.024
장흥,5101110,2026-05-24 11:00:00,2.331,72.54,0.0,101.607,53.2,2.331
장흥,5101110,2026-05-24 12:00:00,1.868,72.54,0.0,101.607,53.2,1.868
장흥,5101110,2026-05-24 13:00:00,1.872,72.54,0.0,101.607,53.2,1.872
장흥,5101110,2026-05-24 14:00:00,1.963,72.54,0.0,101.607,53.2,1.963
장흥,5101110,2026-05-24 15:00:00,4.782,72.54,0.0,101.607,53.2,4.782
장흥,5101110,2026-05-24 16:00:00,4.972,72.54,0.0,101.607,53.2,4.972
장흥,5101110,2026-05-24 17:00:00,4.955,72.54,0.0,101.607,53.2,4.955
장흥,5101110,2026-05-24 18:00:00,4.952,72.54,0.0,101.607,53.2,4.952
장흥,5101110,2026-05-24 19:00:00,4.937,72.54,0.0,101.607,53.2,4.937
장흥,5101110,2026-05-24 20:00:00,4.928,72.54,0.0,101.607,53.2,4.928
장흥,5101110,2026-05-24 21:00:00,0.0,72.53,0.0,101.555,53.2,4.927
장흥,5101110,2026-05-24 22:00:00,0.0,72.53,0.0,101.533,53.2,4.926
장흥,5101110,2026-05-24 23:00:00,4.922,72.53,0.0,101.533,53.2,4.922
장흥,5101110,2026-05-25 00:00:00,4.922,72.53,0.0,101.533,53.2,4.922
장흥,5101110,2026-05-25 01:00:00,4.926,72.53,0.0,101.533,53.2,4.926
장흥,5101110,2026-05-25 02:00:00,4.923,72.53,0.0,101.533,53.2,4.923
장흥,5101110,2026-05-25 03:00:00,5.154,72.53,0.0,101.533,53.2,5.154
장흥,5101110,2026-05-25 04:00:00,5.189,72.53,0.0,101.533,53.2,5.189
장흥,5101110,2026-05-25 05:00:00,0.0,72.53,0.0,101.496,53.1,5.186
장흥,5101110,2026-05-25 06:00:00,0.0,72.52,0.0,101.459,53.1,5.002
장흥,5101110,2026-05-25 07:00:00,4.935,72.52,0.0,101.459,53.1,4.935
장흥,5101110,2026-05-25 08:00:00,4.939,72.52,0.0,101.459,53.1,4.939
장흥,5101110,2026-05-25 09:00:00,4.934,72.52,0.0,101.459,53.1,4.934
장흥,5101110,2026-05-25 10:00:00,4.945,72.52,0.0,101.459,53.1,4.945
장흥,5101110,2026-05-25 11:00:00,0.0,72.51,0.0,101.407,53.1,5.041
장흥,5101110,2026-05-25 12:00:00,7.195,72.51,0.0,101.414,53.1,5.139
장흥,5101110,2026-05-25 13:00:00,0.0,72.51,0.0,101.392,53.1,5.128
장흥,5101110,2026-05-25 14:00:00,3.071,72.51,0.0,101.385,53.1,5.127
장흥,5101110,2026-05-25 15:00:00,5.15,72.51,0.0,101.385,53.1,5.15
장흥,5101110,2026-05-25 16:00:00,5.151,72.51,0.0,101.385,53.1,5.151
장흥,5101110,2026-05-25 17:00:00,5.155,72.51,0.0,101.385,53.1,5.155
장흥,5101110,2026-05-25 18:00:00,0.0,72.51,0.0,101.348,53.1,5.165
장흥,5101110,2026-05-25 19:00:00,0.0,72.5,0.0,101.311,53.0,5.16
장흥,5101110,2026-05-25 20:00:00,5.162,72.5,0.0,101.311,53.0,5.162
장흥,5101110,2026-05-25 21:00:00,5.161,72.5,0.0,101.311,53.0,5.161
장흥,5101110,2026-05-25 22:00:00,5.008,72.5,0.0,101.311,53.0,5.008
장흥,5101110,2026-05-25 23:00:00,4.925,72.5,0.0,101.311,53.0,4.925
장흥,5101110,2026-05-26 00:00:00,4.922,72.5,0.0,101.311,53.0,4.922
장흥,5101110,2026-05-26 01:00:00,0.0,72.49,0.0,101.237,53.0,4.925
장흥,5101110,2026-05-26 02:00:00,4.926,72.49,0.0,101.237,53.0,4.926
장흥,5101110,2026-05-26 03:00:00,5.126,72.49,0.0,101.237,53.0,5.126
장흥,5101110,2026-05-26 04:00:00,5.217,72.49,0.0,101.237,53.0,5.217
장흥,5101110,2026-05-26 05:00:00,5.216,72.49,0.0,101.237,53.0,5.216
장흥,5101110,2026-05-26 06:00:00,5.205,72.49,0.0,101.237,53.0,5.205
장흥,5101110,2026-05-26 07:00:00,0.0,72.48,0.0,101.178,53.0,5.188
장흥,5101110,2026-05-26 08:00:00,5.037,72.48,0.0,101.178,53.0,5.037
장흥,5101110,2026-05-26 09:00:00,0.962,72.48,0.0,101.163,53.0,5.045
장흥,5101110,2026-05-26 10:00:00,5.213,72.48,0.0,101.163,53.0,5.213
장흥,5101110,2026-05-26 11:00:00,5.153,72.48,0.0,101.163,53.0,5.153
장흥,5101110,2026-05-26 12:00:00,3.108,72.48,0.0,101.156,53.0,5.164
장흥,5101110,2026-05-26 13:00:00,5.16,72.48,0.0,101.156,53.0,5.16
장흥,5101110,2026-05-26 14:00:00,0.0,72.48,0.0,101.133,53.0,5.152
장흥,5101110,2026-05-26 15:00:00,0.0,72.47,0.0,101.089,52.9,5.031
장흥,5101110,2026-05-26 16:00:00,4.838,72.47,0.0,101.089,52.9,4.838
장흥,5101110,2026-05-26 17:00:00,4.767,72.47,0.0,101.089,52.9,4.767
장흥,5101110,2026-05-26 18:00:00,4.735,72.47,0.0,101.089,52.9,4.735
장흥,5101110,2026-05-26 19:00:00,4.703,72.47,0.7,101.089,52.9,4.703
장흥,5101110,2026-05-26 20:00:00,4.691,72.47,1.0,101.089,52.9,4.691
장흥,5101110,2026-05-26 21:00:00,4.632,72.47,2.3,101.089,52.9,4.632
장흥,5101110,2026-05-26 22:00:00,6.685,72.47,2.8,101.096,52.9,4.629
장흥,5101110,2026-05-26 23:00:00,4.659,72.47,2.6,101.096,52.9,4.659
장흥,5101110,2026-05-27 00:00:00,2.873,72.47,0.0,101.089,52.9,4.929
장흥,5101110,2026-05-27 01:00:00,4.93,72.47,0.0,101.089,52.9,4.93
장흥,5101110,2026-05-27 02:00:00,0.0,72.47,0.0,101.052,52.9,4.945
장흥,5101110,2026-05-27 03:00:00,15.191,72.47,0.0,101.089,52.9,4.941
장흥,5101110,2026-05-27 04:00:00,0.0,72.46,0.0,101.037,52.9,4.937
장흥,5101110,2026-05-27 05:00:00,0.0,72.46,0.0,101.015,52.9,4.987
장흥,5101110,2026-05-27 06:00:00,5.086,72.46,0.3,101.015,52.9,5.086
장흥,5101110,2026-05-27 07:00:00,5.089,72.46,0.0,101.015,52.9,5.089
장흥,5101110,2026-05-27 08:00:00,5.075,72.46,0.0,101.015,52.9,5.075
장흥,5101110,2026-05-27 09:00:00,5.022,72.46,0.0,101.015,52.9,5.022
장흥,5101110,2026-05-27 10:00:00,5.116,72.46,0.0,101.015,52.9,5.116
